BLOCK_TIMESTAMP,TX_ID,SWAPPER,ROUTE,AMOUNT,AMOUNT_USD,SWAP_PROGRAM
2022-07-02 23:51:18.000,4bTRBFo9kAnZAz1ryEwH53NvWCt1JBCjdSdaSo8o6WBXjUTw7AfcfQCWnGEr7uDq5Nb4ABdYAa8PH45xiAqvGLz6,Esmx2QjmDZMjJ15yBJ2nhqisjEt7Gqro4jSkofdoVsvY,USDH->SOL,19159.950308,19593.7,jupiter aggregator v3
2022-07-02 23:56:19.000,rpHy2cX4PuCGkM3USAYq7H5maYhmNL5z7Eh8NqgDTTkKNMxyXuNwP62h3KsvMBMa7tv8VEKDg1bdPWHKomy5imo,Esmx2QjmDZMjJ15yBJ2nhqisjEt7Gqro4jSkofdoVsvY,SOL->USDCET,21000,693399.17,jupiter aggregator v3
2022-07-02 23:58:31.000,4vybUkA5FaA8mShEcEDTayZ127VC6bu85fihEKtEhFiPQZJbToSNbxySaKtDVsqYfVnRRsGiUrnz4ucVzzRQZnGQ,Esmx2QjmDZMjJ15yBJ2nhqisjEt7Gqro4jSkofdoVsvY,SOL->USDCET,10000,331635.86,jupiter aggregator v3
2022-07-02 23:10:14.000,2kAzWVuyiAgTgxMuUS4ogdYLSVwjQRvv4uvD4vGwdBQHVGVMFf2PkwmfkC2gPP6zDwmRR2FyC662CBkRzEWPkbrh,Esmx2QjmDZMjJ15yBJ2nhqisjEt7Gqro4jSkofdoVsvY,USDC->USDCET,1,1,Saber Router
2022-07-02 23:54:18.000,3rbJBCkL9RUA1AfuqjK4fMXePDTixyU29rBSwaNC3Rg26urPHc1anQ5b2BDjY2A9YhUoYTGZ4FzGnsrCTF29kbkk,Esmx2QjmDZMjJ15yBJ2nhqisjEt7Gqro4jSkofdoVsvY,USDC->USDCET,654523.009671,655627.65,jupiter aggregator v3
2022-07-02 23:07:51.000,5fdwRJQFxTzGdHqFjVkZhCpKCfR1Gt9uQnJtwEhq7cAgKiLHn7FrUrMEg3pEzd5qrzZmbo22vYZQCPBwj1AZayV2,Esmx2QjmDZMjJ15yBJ2nhqisjEt7Gqro4jSkofdoVsvY,USDH->USDCET,1,1,jupiter aggregator v3
2022-07-02 23:04:36.000,3ZrTVuTaMExKsoKkEoTzrNuJLZa8bJ5dywiypny1BzkViqHxfUdT3QCzVNYU8hSDpMLLtdP7oYwboT898E4hmpVE,Esmx2QjmDZMjJ15yBJ2nhqisjEt7Gqro4jSkofdoVsvY,USDH->USDCET,1,1,jupiter aggregator v3
2022-07-02 23:51:47.000,5JBuST1irXi18JhBC2J5gVcKTtFdPowdjqCMoDewonRTPikNNGBD8WQRL2oAqMYGEestSphPvRYPeGVFgxV2jrbL,Esmx2QjmDZMjJ15yBJ2nhqisjEt7Gqro4jSkofdoVsvY,PAI->USDCET,44031.884965,43930.46,jupiter aggregator v3
2022-07-02 22:27:14.000,5eWcMfXhbDhHSeGCLrrQG2JbRy8J4VgymH4DL6Vf8aJv8ggfmMEKDUZKh8hsJUAG3rqgvyThtBdAiG3miSSgspkF,Esmx2QjmDZMjJ15yBJ2nhqisjEt7Gqro4jSkofdoVsvY,USDT->SOL,999999.919034,970190.89,jupiter aggregator v3
2022-07-02 22:28:58.000,9MxH7WyyGJo7oiK47dbKREmo8wrXDwKRWUqpf83NQAsvFYviPjTQzbUvwbkYpNhC5i7Ans29q4fHbSUoHccRLxQ,Esmx2QjmDZMjJ15yBJ2nhqisjEt7Gqro4jSkofdoVsvY,ETH->SOL,0.56110393,589.33,Raydium Liquidity Pool V4
2022-07-02 22:30:44.000,38gy8ZpRTvQSPKUcqWcxP9JWXxdoCWSwFjyknLJgqgZ44GYoRr4jHMPB2kqLkz1mduoJVRNiwKT6GMNNUu1etKfT,Esmx2QjmDZMjJ15yBJ2nhqisjEt7Gqro4jSkofdoVsvY,USDC->SOL,602.516963,590.59,jupiter aggregator v3
2022-07-02 22:28:58.000,9MxH7WyyGJo7oiK47dbKREmo8wrXDwKRWUqpf83NQAsvFYviPjTQzbUvwbkYpNhC5i7Ans29q4fHbSUoHccRLxQ,Esmx2QjmDZMjJ15yBJ2nhqisjEt7Gqro4jSkofdoVsvY,USDC->SOL,602.552679,589.33,jupiter aggregator v3
2022-07-02 22:28:23.000,41AE3M12hFfuJbH5Q5nZWZyevjnoJ7PgVQmawEqVzXsaNWiXALQr1JE8jwM8wFQX1t8naq4nUsf6qbsT384PwESa,Esmx2QjmDZMjJ15yBJ2nhqisjEt7Gqro4jSkofdoVsvY,USDC->SOL,955044.298479,912932.61,jupiter aggregator v3
2022-07-02 22:14:13.000,4cpTBtejDs5zGnzqmb4DCt4Qh5htkbmf6waJkcA92Eze3trmFfA7MceSMWSBQ95DbMdZNxfF6pPjdXydEouQ1Twm,Esmx2QjmDZMjJ15yBJ2nhqisjEt7Gqro4jSkofdoVsvY,STSOL->SOL,20651.170925172,703280.83,Saber Router
2022-07-02 22:07:25.000,ZUq5WdXbPHeFBuPAYQRMxLQMRLYNzxc9BtfxcL5vxGpKfM34XCw7rYWmSJmxsp6sbkmMGtZyH3irbhBeXGTFmxv,Esmx2QjmDZMjJ15yBJ2nhqisjEt7Gqro4jSkofdoVsvY,MSOL->SOL,0.001,0.03,Saber Router
2022-07-02 00:16:04.000,31iq3TuevxHqw9iNekMF1FNGCTh1q7UXESmnZ9rpDRdT2JArp8tUDhzKMtKHZJp9Sjvhwk5gSUUCVgWJ9qcNu4FX,Esmx2QjmDZMjJ15yBJ2nhqisjEt7Gqro4jSkofdoVsvY,SOL->USDC,1,33.11,jupiter aggregator v3
2022-07-02 22:53:49.000,2Z3PeH2Z9zMcq3dWuP5fdWd8k8UgpwyPT6m4tnz3gFcJo78UEs71xcmDYU3GKD4LJ5mr6JiAdvuyBqc1Gec24hKp,Esmx2QjmDZMjJ15yBJ2nhqisjEt7Gqro4jSkofdoVsvY,USDT->USDCET,2378385,2370727.05,jupiter aggregator v3
2022-07-02 22:37:48.000,K94QdevVpQsNYs53knTvfTJyrqXgCgxMhJRm2QHs65pqWaoozcy716e4AeNRME23F3UUUwcFUK7wPkn7boDwFf8,Esmx2QjmDZMjJ15yBJ2nhqisjEt7Gqro4jSkofdoVsvY,USDT->USDCET,1000000,998871.05,jupiter aggregator v3
2022-07-02 00:46:04.000,5dRfhE9qLxKbbTm7iXX9WFt8hgpJBmefC9i3VAPi9jULkgmJwo5V1d3TzETN3xNDvAxspSmRqLrJcBcfFa97bxs7,Esmx2QjmDZMjJ15yBJ2nhqisjEt7Gqro4jSkofdoVsvY,USDC->USDCET,1,1,jupiter aggregator v3
2022-07-02 23:53:58.000,4beFzwRf2E2qiNmrWRvDFrC2qAd4bP1Sb4TCkx7Z34jEESK34LdnkSSjSEbPi4vgHYtDCHFvyFUcZfqkiWkXjyh7,Esmx2QjmDZMjJ15yBJ2nhqisjEt7Gqro4jSkofdoVsvY,USDH->USDC,665483.513265,652029.73,jupiter aggregator v3
2022-07-02 22:33:38.000,NoW32ZzkADJVRmJCXcHoV9ee9SsQg8f1b8HR6jAKs3pCncYEqAMSjcsCdRUw8dRK5AywSMrj12dm1vTkWnpZ4u4,Esmx2QjmDZMjJ15yBJ2nhqisjEt7Gqro4jSkofdoVsvY,USDH->MSOL,200000,192810.63,jupiter aggregator v3
2022-07-03 00:18:10.000,4nDXu6CDfysoV1tDvcGJtaHMDozsPuDCCxAa669CsgwMQQ5ZDwvqSqGUyMTg3dqf5bSqAVVutH4bq6J7WXqwmLqx,Esmx2QjmDZMjJ15yBJ2nhqisjEt7Gqro4jSkofdoVsvY,MSOL->SOL,0.283583514,10.01,Saber Router
2022-07-03 00:32:17.000,3m4MDRGAxSVv3Fyw3ng3MWrw4Rkvu2YwXXZjAZ8xYkPa9vRDcqecCnHzxReThzsW8VBK2hhpuYiB46qVEQZ6Jvnc,Esmx2QjmDZMjJ15yBJ2nhqisjEt7Gqro4jSkofdoVsvY,STSOL->SOL,955.596755572,33476.63,Saber Router
2022-07-03 00:46:29.000,5xw6fqp9RsBLjx4DKM6QNDJVvFspZCx3oM1RgaAVzZ9T8JRemM8FrcLSZZatHeRZ9SzdB4nchWMXhsTEJwrRGA2D,Esmx2QjmDZMjJ15yBJ2nhqisjEt7Gqro4jSkofdoVsvY,USDT->SOL,0.184186,0.19,jupiter aggregator v3
2022-07-03 00:17:07.000,5p5J5wW3XfGqddRJUtMjdGCPMCfTRTB4nc2k9QRa6fK6Jk9sBhFGbXTkkuvLtEFFFLitLPYNmQMkqNwwjJ5v2oQd,Esmx2QjmDZMjJ15yBJ2nhqisjEt7Gqro4jSkofdoVsvY,USDCET->MSOL,10,10.01,jupiter aggregator v3
2022-07-03 00:40:09.000,2G7ewJ2cAEj74p6BZMcauSsosi8XKkoBbS4eH92QumVKmQZx1XT6uygVQ5SjC6zUcfR3Dgvov9i61mRj1mgNWdSV,Esmx2QjmDZMjJ15yBJ2nhqisjEt7Gqro4jSkofdoVsvY,SOL->USDCET,10000,329554.55,jupiter aggregator v3
2022-07-03 00:58:23.000,3rCsSaKTgW1oFWzeSUCfLSjE2tZ5vKcqmhabzVQhGbkNrMkUWKkakuAS2vHxktHi1kfCbwDfhk3xBWCd8gFSR9W7,Esmx2QjmDZMjJ15yBJ2nhqisjEt7Gqro4jSkofdoVsvY,SOL->USDCET,10000,327346.9,jupiter aggregator v3
2022-07-03 00:09:21.000,5f4rrUWwYSMCCByUf3SN6WNoLaz5YcFtUyKs2QrZCSQXPnZZQNPfDAKw3Rt5tW6znfvGP697C1Tx8y2fNprT7fQC,Esmx2QjmDZMjJ15yBJ2nhqisjEt7Gqro4jSkofdoVsvY,SOL->USDCET,10000,332104.45,jupiter aggregator v3
2022-07-03 00:54:41.000,3RzBmjWY3CKL9UxhDYYyd6gs5ffTJUQ3DedE9oyUfAsGExa7EAqwYwoexV7tWHwzcRNvnDWsJS4Lt4246w9CyCYD,Esmx2QjmDZMjJ15yBJ2nhqisjEt7Gqro4jSkofdoVsvY,SOL->USDCET,10000,328889.75,jupiter aggregator v3
2022-07-03 01:01:22.000,4q9Hz8X3HJJ1ySyPwphKWPhWk7rkJD63UzvggU1KPx8ddTsC5GBzxucEdF4Db7L3P1bCT4dSJKGbdEEH2ZriCCvK,Esmx2QjmDZMjJ15yBJ2nhqisjEt7Gqro4jSkofdoVsvY,SOL->USDCET,3010.1,99199.94,jupiter aggregator v3
﻿