EVENT,BLOCK_TIMESTAMP,TX_ID,SENDER,ROUTE,SYMBOL,AMOUNT,AMOUNT_USD
Transfered,2022-02-02 18:35:36.000,2wor1JjWFLLwgzVgjREXbHDk9HVkPAnY5xjWnVKRK18hvkFtSw9KkmdQyUbWdSQu8KTTMv43x7VWpA1527zQjArH,CxegPrfn2ge5dNiQberUrQJkHCcimeR4VXkeawcFBBka,outbound,USDC,18044852.11,18070295.3
Transfered,2022-02-02 18:56:28.000,29Rb5q5hYb2bxMKNeT2jkJ4WLqgGWqYmA8aNvrE5vG8BTtHMUDesxbyGMcmGaZj3tqXDacPQAQkPbz1kaF5fYer6,CxegPrfn2ge5dNiQberUrQJkHCcimeR4VXkeawcFBBka,inbound,USDC,4981312.28,4988335.92
Transfered,2022-02-02 18:57:04.000,4yRXEgJ5QLKWFGPMEUF4nqpN6ZkLqQxxiw8XkspvyaApVg3gbKNNDMUQroPMEs7yB7Riej4B39cesaReNt1hLdKk,CxegPrfn2ge5dNiQberUrQJkHCcimeR4VXkeawcFBBka,outbound,USDC,4981312.28,4988335.92
Transfered,2022-02-02 18:34:48.000,4ZYmPrwPUXfyUqp4GAh6thxe8TM8rJ5JEC7ns7nhE6Jeq4dbp3PpLem1TX6b4Ntg3fPF5gU7ZDYvXkQQcsj3RyvC,CxegPrfn2ge5dNiQberUrQJkHCcimeR4VXkeawcFBBka,inbound,USDC,18044852.11,18070295.3
Transfered,2023-01-23 20:33:35.000,483PVW4HxWMz6NDsdJpDbftfySSeZDbERQjnLCvEkdkCV3GWfsBqUNagRxHZoS7zmnU3bpKqBudmV4RtrjtYQvF4,CxegPrfn2ge5dNiQberUrQJkHCcimeR4VXkeawcFBBka,inbound,USDCET,98676.84,99493.51
Transfered,2023-01-23 20:38:56.000,36m171rTiV9VQMcJ8eB83eBaiPWpkEcX449fjq8cY7yUkj7LqZLakdCADmtYvANU2vyPHX3P9LQay4bDt6v3TaFZ,CxegPrfn2ge5dNiQberUrQJkHCcimeR4VXkeawcFBBka,inbound,USDCET,78893.14,79546.07
Transfered,2023-01-23 23:49:28.000,32PDTdgBN4vFaiFaVqsF4cQcGz1yuAwfrNSvyyxxjhVazmn4K8TtZNbkmEZkRoJGHNZAjgZPoqv8tczvQrir3sZ8,CxegPrfn2ge5dNiQberUrQJkHCcimeR4VXkeawcFBBka,inbound,USDCET,11511.1,11606.37
Transfered,2023-01-23 20:29:09.000,3jfPUmPJWr1eo5LbRj49wQe6WcLA2dTfUKMJqTsbN2HhhXYbRURUXJGDszhKa3Bz2158iLWPzHjryCJZv8f79JJj,CxegPrfn2ge5dNiQberUrQJkHCcimeR4VXkeawcFBBka,inbound,USDCET,134753.41,135868.65
Transfered,2023-01-23 23:49:28.000,32PDTdgBN4vFaiFaVqsF4cQcGz1yuAwfrNSvyyxxjhVazmn4K8TtZNbkmEZkRoJGHNZAjgZPoqv8tczvQrir3sZ8,CxegPrfn2ge5dNiQberUrQJkHCcimeR4VXkeawcFBBka,inbound,USDCET,234833.79,236777.3
Transfered,2023-01-23 20:41:45.000,3HEKHMHjVVQTtpzi2EWMaT8Xa7p3G9DCHhpouDLKDADmwFhs8oZ5VVw11vvURBuaPgcQbtQBK91qvu7BgH29UcUY,CxegPrfn2ge5dNiQberUrQJkHCcimeR4VXkeawcFBBka,inbound,USDCET,45032.55,45405.25
Transfered,2023-01-23 23:56:05.000,5LNegZCoZ5BLRykzKXAAUD3GfTD5zSofPdCXgXcN2zJJsQynxpux1zMeformNagTEW7PNSD2DyweAApQhvVH35iY,CxegPrfn2ge5dNiQberUrQJkHCcimeR4VXkeawcFBBka,outbound,USDCET,603700.84,608697.14
Transfered,2023-01-23 20:30:45.000,48HVwBFMYj2udQTsXLu2QrmKNPxLf45ammazcghZkmAVJNiTd1B6nWiNj5HWGBR9yhDkXXdEUUuPST5RPr3zALyu,CxegPrfn2ge5dNiQberUrQJkHCcimeR4VXkeawcFBBka,inbound,ETH,30.68,49819.94
Transfered,2023-01-23 20:32:57.000,3pSp7KpMkHyEa1mZUMmdBkxxn6VJ9oUDsyDjjDkaHwJsHbq2Zm8n8xLpp3qA9Mva3Ef2TeF3rv4BxAmWDvmoRKr4,CxegPrfn2ge5dNiQberUrQJkHCcimeR4VXkeawcFBBka,inbound,ETH,11.74,19062.09
Transfered,2023-01-23 23:50:33.000,efVnNQKXYAg3FL3Sw1ye3XBF9CRStSX5SVKQ8wQhMwUea1z465L5m8Q9pJC2XqLvpd9gjT5UVp824Dod9CzQxhr,CxegPrfn2ge5dNiQberUrQJkHCcimeR4VXkeawcFBBka,inbound,ETH,4,6490.19
Transfered,2023-01-23 23:56:24.000,2CL2D9hbk2626iH4S5Wd5GdkUxsknBeT3zZdfG33wQih3Dx5UG6Cf1eWMFRsz16Tjp12SbhgwDJxyZfScNgg5oiG,CxegPrfn2ge5dNiQberUrQJkHCcimeR4VXkeawcFBBka,outbound,ETH,149.37,242570.19
Transfered,2023-01-23 20:32:11.000,7gaYEoVAEy1KgBuwU8hkNNecbPmuS34b4bLEar13ZZT9E4Gbt8CVrzne53D1kpthnM9fzoqNaN8YRVzwVLu6XXc,CxegPrfn2ge5dNiQberUrQJkHCcimeR4VXkeawcFBBka,inbound,ETH,11.97,19438.25
Transfered,2023-01-23 20:41:05.000,3gT5VW9Y5kyG2mNQEP39ZhCPbv6aW22GWbtpnD5ydDjT8n2TmpUvpkUgNdZhd72L88hXJHCcxfEcmvH7KaeFq9Yi,CxegPrfn2ge5dNiQberUrQJkHCcimeR4VXkeawcFBBka,inbound,ETH,6,9746.98
Transfered,2023-01-23 23:50:33.000,efVnNQKXYAg3FL3Sw1ye3XBF9CRStSX5SVKQ8wQhMwUea1z465L5m8Q9pJC2XqLvpd9gjT5UVp824Dod9CzQxhr,CxegPrfn2ge5dNiQberUrQJkHCcimeR4VXkeawcFBBka,inbound,ETH,84.99,138012.75
Transfered,2023-01-23 20:27:54.000,5CcaWZnejtmeNMfHZadsZGchcomdDLjX7ZV43TEMqxpWRD8hnTSqGxqAUdVDay6RGKkrZnBWqiTiVN3GbGa47GG8,CxegPrfn2ge5dNiQberUrQJkHCcimeR4VXkeawcFBBka,inbound,USDTET,243384.48,244603.88
Transfered,2023-01-23 20:40:02.000,4F1EVeUn9JFP1CrBjb58KNS3uoq1mq9nqwYhsk1xZSZ1tjbniwNxgVFV1wPvSi3arhdKL8ZcuTC4zJMpz88RkE2a,CxegPrfn2ge5dNiQberUrQJkHCcimeR4VXkeawcFBBka,inbound,USDTET,78522.33,78915.74
Transfered,2023-01-23 20:42:35.000,4tpgkCHctnrgWo53tjUdh1kwnjvko2mF2WJF8ZFgm9QykYBtLwjZ5L2tkuQvyReMSDmuvopKgHEDrTq7DbDSx7Jo,CxegPrfn2ge5dNiQberUrQJkHCcimeR4VXkeawcFBBka,inbound,USDTET,44464.96,44687.74
Transfered,2023-01-23 23:49:57.000,2wkaRjYkbAb5fib3zRzF3SC1auMbxVJwF6W7phfJrZQ2efs8fn3tcj8kC5CTwNGGja1EyMAMA85koMXdQ6SmY6u,CxegPrfn2ge5dNiQberUrQJkHCcimeR4VXkeawcFBBka,inbound,USDTET,191295.72,192254.15
Transfered,2023-01-24 00:27:30.000,ykfzhqf8caTnTH5J9RE8EuXyier5KYGRB7xLAzTQJAMW5fyPjpwVpXMkXLz3qsJCP9o45JLGidepzxZHrZDHjCZ,CxegPrfn2ge5dNiQberUrQJkHCcimeR4VXkeawcFBBka,outbound,USDTET,157899.45,158157.46
Transfered,2023-01-24 00:32:21.000,3Wa2K7vH3AbzrsbmRgFDW7KW32VBNUFgr8o2GPeW9nimHChPUo6A5LRMzrhgbJ9TQXWVsobZbs4BFrLwDESQ6HfE,CxegPrfn2ge5dNiQberUrQJkHCcimeR4VXkeawcFBBka,inbound,USDTET,100245.86,100409.67
Transfered,2023-01-24 00:24:19.000,627M3chzFe8JjLiZ4a6KrcHuZXKXKkzhQsYJWgVSBtE48nfaRdrpbiC2qWXk7q7VCwqXbBfxmUE8nBhrQcqkcWjF,CxegPrfn2ge5dNiQberUrQJkHCcimeR4VXkeawcFBBka,inbound,USDTET,57214.09,57307.58
Transfered,2023-01-24 00:05:50.000,2xdWAdKz6duqeWc8agPEWTL2kmTM6ZC7SqUePjMvpyJ1NxJUkvr1jhy8ja3B1hCC7uswCxNhZcuKXpYGCqbf5nDv,CxegPrfn2ge5dNiQberUrQJkHCcimeR4VXkeawcFBBka,outbound,USDTET,557667.49,558578.74
Transfered,2023-01-24 00:33:28.000,2LsJLFRopsAWRHUNEYyz2JASLzCPQfs3fytossKW9XhPqRpynzoHmo8WV1V1PRyrjcy7VXDrQMFb9fX9Xjhso827,CxegPrfn2ge5dNiQberUrQJkHCcimeR4VXkeawcFBBka,outbound,USDTET,100245.86,100409.67
Transfered,2023-01-24 00:17:03.000,HUa6QUB6Jh1ChwTxxkAmMXMY6aWnQWjc8WZR5JKwwj9Ai9iMaVuYptLNy4D7mELedpJQHrjs9EXQieWQdTkPAbv,CxegPrfn2ge5dNiQberUrQJkHCcimeR4VXkeawcFBBka,inbound,USDTET,100685.37,100849.89
Transfered,2023-01-24 00:36:34.000,wwVYm5RejmEm2o5AUgNATkFAU7x67xnB6fLKNJGSnUkCa43MbQqKFwNaSm14Qqpr7NFcMmb9st1gy9pYxqitbsh,CxegPrfn2ge5dNiQberUrQJkHCcimeR4VXkeawcFBBka,outbound,SOL,2000,49032.66
Transfered,2023-01-14 18:24:40.000,66fJuvD45GRgPHHNiQ7QA84FtePudB9PfT4huE2cbxj7SaL4QYJcspXfocfKouHmkJqQ55fU36aZ7EfHSk9exdNG,CxegPrfn2ge5dNiQberUrQJkHCcimeR4VXkeawcFBBka,inbound,USDCET,1253129.21,1253508.62
Transfered,2023-01-14 18:36:03.000,gxfrGv1DYf7Nga3jAtzap2yyp4xHWtJsvNdbCkvapyTq3wjxguqexgbzNQPEw4wQFJheNzkCdkcvbNgP47XBeJ5,CxegPrfn2ge5dNiQberUrQJkHCcimeR4VXkeawcFBBka,outbound,USDCET,2683305.11,2684117.54
Transfered,2023-01-14 18:24:02.000,4H5jBWHqXb1LykLMRcgn5o5JG46k8ZR8ixAq9USeycLvqN1PbHBoTCCM3eEntxHKR8HeMgjyKkoGKmiHQjmmG59N,CxegPrfn2ge5dNiQberUrQJkHCcimeR4VXkeawcFBBka,inbound,USDCET,1430175.91,1430608.92
Transfered,2023-01-24 00:23:34.000,5HKyoRs73VRgJVpJUvRj22rpQMp3mqtcd9WeGWkZWBqkDqHc83SjLzviuaYUSth9BFMaTzBVXhKeSSenXrHYNjxx,CxegPrfn2ge5dNiQberUrQJkHCcimeR4VXkeawcFBBka,outbound,USDC,180000,180101.25
Transfered,2023-01-24 00:24:19.000,627M3chzFe8JjLiZ4a6KrcHuZXKXKkzhQsYJWgVSBtE48nfaRdrpbiC2qWXk7q7VCwqXbBfxmUE8nBhrQcqkcWjF,CxegPrfn2ge5dNiQberUrQJkHCcimeR4VXkeawcFBBka,outbound,USDC,60000,60033.75
Transfered,2023-01-24 00:17:03.000,HUa6QUB6Jh1ChwTxxkAmMXMY6aWnQWjc8WZR5JKwwj9Ai9iMaVuYptLNy4D7mELedpJQHrjs9EXQieWQdTkPAbv,CxegPrfn2ge5dNiQberUrQJkHCcimeR4VXkeawcFBBka,outbound,USDC,110000,110061.87
Transfered,2023-01-24 00:26:26.000,3PrpLqHqz4qwSWR44wVTamitQad46MEsU4NDfgFayfry5XYYgRc2W8b66fL7JTzysbozu3kZhmaSMqdLkg6vLXhV,CxegPrfn2ge5dNiQberUrQJkHCcimeR4VXkeawcFBBka,outbound,USDC,70000,70039.37
Transfered,2023-01-24 00:32:36.000,2r9sSjzWcnniDQmpUprHUxaRSeGwaELh9DMwi9xirsW1U1AZmyqK1L9QELqQYerXfyQW4kiE3PCoBbLUV1CYt1FL,CxegPrfn2ge5dNiQberUrQJkHCcimeR4VXkeawcFBBka,inbound,USDC,0.15,0.15
Transfered,2023-01-24 00:36:34.000,wwVYm5RejmEm2o5AUgNATkFAU7x67xnB6fLKNJGSnUkCa43MbQqKFwNaSm14Qqpr7NFcMmb9st1gy9pYxqitbsh,CxegPrfn2ge5dNiQberUrQJkHCcimeR4VXkeawcFBBka,inbound,USDC,48552.97,48580.28
Transfered,2023-01-24 00:15:49.000,67KNcq2Q4r5dxGnPxYKyGriWMoxRwEyrZeHYnDz8MzREqcv2sMad9PtkxoS5RjtxgjJHcvd8ihtjMw9YhpDYcyRL,CxegPrfn2ge5dNiQberUrQJkHCcimeR4VXkeawcFBBka,outbound,USDC,399000,399224.43
Transfered,2023-01-24 00:15:49.000,67KNcq2Q4r5dxGnPxYKyGriWMoxRwEyrZeHYnDz8MzREqcv2sMad9PtkxoS5RjtxgjJHcvd8ihtjMw9YhpDYcyRL,CxegPrfn2ge5dNiQberUrQJkHCcimeR4VXkeawcFBBka,outbound,USDC,21000,21011.81
Transfered,2023-01-24 00:31:30.000,Tf9jp8ohJoMpoDX5i2uUYGdgoj1QA6nyg2ErxLzp4jxswQHByMdAGEuX8KUDpGF8Hbgv3XGEgnbKtNrkgbBSKoB,CxegPrfn2ge5dNiQberUrQJkHCcimeR4VXkeawcFBBka,outbound,USDC,100651.45,100708.07
Transfered,2023-01-24 00:27:23.000,QstCTfMxZFMyYNLShttVkkeqRRYVo3hqY6khL18v8GC6xq1BYzuqkHtpmorerDjGyZxJbwM7PpXsNV2ZNESQiHU,CxegPrfn2ge5dNiQberUrQJkHCcimeR4VXkeawcFBBka,outbound,USDC,70000,70039.37
Transfered,2023-01-24 00:20:16.000,wgk1fksS9dCPLaYUJ7FxSgXyz8zamPPQZR8YRsG3PscBwFGLARvGkdbpTuapLB2cE4U2E4YaNGPbdTFgpfLGYmh,CxegPrfn2ge5dNiQberUrQJkHCcimeR4VXkeawcFBBka,outbound,USDC,110000,110061.87
Transfered,2023-01-24 00:32:21.000,3Wa2K7vH3AbzrsbmRgFDW7KW32VBNUFgr8o2GPeW9nimHChPUo6A5LRMzrhgbJ9TQXWVsobZbs4BFrLwDESQ6HfE,CxegPrfn2ge5dNiQberUrQJkHCcimeR4VXkeawcFBBka,outbound,USDC,110000,110061.87
Transfered,2023-01-24 00:32:36.000,2r9sSjzWcnniDQmpUprHUxaRSeGwaELh9DMwi9xirsW1U1AZmyqK1L9QELqQYerXfyQW4kiE3PCoBbLUV1CYt1FL,CxegPrfn2ge5dNiQberUrQJkHCcimeR4VXkeawcFBBka,outbound,USDC,35000,35019.69
Transfered,2023-01-24 00:36:34.000,wwVYm5RejmEm2o5AUgNATkFAU7x67xnB6fLKNJGSnUkCa43MbQqKFwNaSm14Qqpr7NFcMmb9st1gy9pYxqitbsh,CxegPrfn2ge5dNiQberUrQJkHCcimeR4VXkeawcFBBka,outbound,USDC,48552.97,48580.28
Transfered,2023-01-24 00:24:48.000,3ys9hmZbSeV3kD2sWVSAGfnCZxLexBZxPxXhSBNkWahRZGn76ud1w55SVMhmUpHsdT39hsUfHGCy8JtZwnepUqyH,CxegPrfn2ge5dNiQberUrQJkHCcimeR4VXkeawcFBBka,outbound,USDC,70000,70039.37
Transfered,2023-01-24 00:20:16.000,wgk1fksS9dCPLaYUJ7FxSgXyz8zamPPQZR8YRsG3PscBwFGLARvGkdbpTuapLB2cE4U2E4YaNGPbdTFgpfLGYmh,CxegPrfn2ge5dNiQberUrQJkHCcimeR4VXkeawcFBBka,inbound,USDC,0.06,0.06
Transfered,2023-01-24 00:19:36.000,ri26Qb5eQFnVmHe6EcMDedAxmT3nPbPXxbBmrcsBgFXYb9v3ggu2MMf1wcDdG4oSJcn5aMdHnsxomFcXchbM7KS,CxegPrfn2ge5dNiQberUrQJkHCcimeR4VXkeawcFBBka,outbound,USDC,110000,110061.87
Transfered,2023-01-14 18:22:48.000,3yjC3moRiXevRAxwUxa1FeG35sP7jyEAmcQhxgdN32RmWW5mVjaZdHaE1pJMoD6ZiWGZeeNN8sa56tKK9zSEuF27,CxegPrfn2ge5dNiQberUrQJkHCcimeR4VXkeawcFBBka,inbound,USDT,1266373.15,1267069.41
Transfered,2023-01-14 18:24:40.000,66fJuvD45GRgPHHNiQ7QA84FtePudB9PfT4huE2cbxj7SaL4QYJcspXfocfKouHmkJqQ55fU36aZ7EfHSk9exdNG,CxegPrfn2ge5dNiQberUrQJkHCcimeR4VXkeawcFBBka,outbound,USDT,1266373.15,1267069.41
Transfered,2023-01-14 18:13:00.000,z8jL5wcSKhLiDTKXiGPn5zvJ49X4erfWdxscoPQsZcgHkkC43MZJZdBhs9YN17hi2yuQH4nztXJgson7g464CYA,CxegPrfn2ge5dNiQberUrQJkHCcimeR4VXkeawcFBBka,outbound,SOL,150000,3321499.52
Transfered,2023-01-23 20:32:11.000,7gaYEoVAEy1KgBuwU8hkNNecbPmuS34b4bLEar13ZZT9E4Gbt8CVrzne53D1kpthnM9fzoqNaN8YRVzwVLu6XXc,CxegPrfn2ge5dNiQberUrQJkHCcimeR4VXkeawcFBBka,outbound,STSOL,755.83,19950.95
Transfered,2023-01-23 20:32:11.000,7gaYEoVAEy1KgBuwU8hkNNecbPmuS34b4bLEar13ZZT9E4Gbt8CVrzne53D1kpthnM9fzoqNaN8YRVzwVLu6XXc,CxegPrfn2ge5dNiQberUrQJkHCcimeR4VXkeawcFBBka,inbound,STSOL,755.83,19950.95
Transfered,2023-01-23 20:41:05.000,3gT5VW9Y5kyG2mNQEP39ZhCPbv6aW22GWbtpnD5ydDjT8n2TmpUvpkUgNdZhd72L88hXJHCcxfEcmvH7KaeFq9Yi,CxegPrfn2ge5dNiQberUrQJkHCcimeR4VXkeawcFBBka,outbound,STSOL,379.12,10007.2
Transfered,2023-01-23 20:41:05.000,3gT5VW9Y5kyG2mNQEP39ZhCPbv6aW22GWbtpnD5ydDjT8n2TmpUvpkUgNdZhd72L88hXJHCcxfEcmvH7KaeFq9Yi,CxegPrfn2ge5dNiQberUrQJkHCcimeR4VXkeawcFBBka,inbound,STSOL,379.12,10007.2
Transfered,2023-01-24 00:36:34.000,wwVYm5RejmEm2o5AUgNATkFAU7x67xnB6fLKNJGSnUkCa43MbQqKFwNaSm14Qqpr7NFcMmb9st1gy9pYxqitbsh,CxegPrfn2ge5dNiQberUrQJkHCcimeR4VXkeawcFBBka,inbound,USDCET,45276.03,45776.11
Transfered,2023-01-24 00:15:49.000,67KNcq2Q4r5dxGnPxYKyGriWMoxRwEyrZeHYnDz8MzREqcv2sMad9PtkxoS5RjtxgjJHcvd8ihtjMw9YhpDYcyRL,CxegPrfn2ge5dNiQberUrQJkHCcimeR4VXkeawcFBBka,inbound,USDCET,18921.7,19130.69
Transfered,2023-01-24 00:23:34.000,5HKyoRs73VRgJVpJUvRj22rpQMp3mqtcd9WeGWkZWBqkDqHc83SjLzviuaYUSth9BFMaTzBVXhKeSSenXrHYNjxx,CxegPrfn2ge5dNiQberUrQJkHCcimeR4VXkeawcFBBka,inbound,USDCET,175654.16,177594.28
Transfered,2023-01-24 00:33:41.000,xmkb1DXVpHsthUUBymqaDUuBw4K3UJL76wTAYu2ntFpwKueoCmTQJPLWTURooy31ifqrGMoJYApRMmemQSX2env,CxegPrfn2ge5dNiQberUrQJkHCcimeR4VXkeawcFBBka,outbound,USDCET,92958.13,93984.87
Transfered,2023-01-24 00:15:49.000,67KNcq2Q4r5dxGnPxYKyGriWMoxRwEyrZeHYnDz8MzREqcv2sMad9PtkxoS5RjtxgjJHcvd8ihtjMw9YhpDYcyRL,CxegPrfn2ge5dNiQberUrQJkHCcimeR4VXkeawcFBBka,inbound,USDCET,391275.9,395597.58
Transfered,2023-01-24 00:38:30.000,4WD2FoP8mimqZhZ1FQwVYvS2cEbasm4uXbqXiMQcnGjWPA16LPwvSzH1smdmzEwTYupLBMSpDV3ys8jFrq1aAFPV,CxegPrfn2ge5dNiQberUrQJkHCcimeR4VXkeawcFBBka,outbound,USDCET,45276.03,45776.11
Transfered,2023-01-24 00:16:43.000,55pat5y8F2kEPWnp7H67AHWfNJanY9f1c5ks98pGjtTvZCjGFhZGQ9vfJSACAfT3AejA7QH6a9TrnNmDM8ATMwda,CxegPrfn2ge5dNiQberUrQJkHCcimeR4VXkeawcFBBka,outbound,USDCET,410197.6,414728.27
Transfered,2023-01-24 00:25:17.000,2YWUxaWJihAfRYXHUjnuzsqwEMoZNQ8SgTUeqfASfcsdEH2SXEhK3iKU7kWAqPhKEQ82jZV8JoGGUbAvaav9jgMT,CxegPrfn2ge5dNiQberUrQJkHCcimeR4VXkeawcFBBka,outbound,USDCET,175654.16,177594.28
Transfered,2023-01-24 00:31:30.000,Tf9jp8ohJoMpoDX5i2uUYGdgoj1QA6nyg2ErxLzp4jxswQHByMdAGEuX8KUDpGF8Hbgv3XGEgnbKtNrkgbBSKoB,CxegPrfn2ge5dNiQberUrQJkHCcimeR4VXkeawcFBBka,inbound,USDCET,92958.13,93984.87
Transfered,2022-02-02 18:56:28.000,29Rb5q5hYb2bxMKNeT2jkJ4WLqgGWqYmA8aNvrE5vG8BTtHMUDesxbyGMcmGaZj3tqXDacPQAQkPbz1kaF5fYer6,CxegPrfn2ge5dNiQberUrQJkHCcimeR4VXkeawcFBBka,outbound,ETH,1866.84,5108261.96
Transfered,2022-02-02 18:56:28.000,29Rb5q5hYb2bxMKNeT2jkJ4WLqgGWqYmA8aNvrE5vG8BTtHMUDesxbyGMcmGaZj3tqXDacPQAQkPbz1kaF5fYer6,CxegPrfn2ge5dNiQberUrQJkHCcimeR4VXkeawcFBBka,inbound,ETH,0,0
Transfered,2022-02-02 18:34:48.000,4ZYmPrwPUXfyUqp4GAh6thxe8TM8rJ5JEC7ns7nhE6Jeq4dbp3PpLem1TX6b4Ntg3fPF5gU7ZDYvXkQQcsj3RyvC,CxegPrfn2ge5dNiQberUrQJkHCcimeR4VXkeawcFBBka,inbound,ETH,1866.84,5108261.96
Transfered,2022-02-02 18:34:48.000,4ZYmPrwPUXfyUqp4GAh6thxe8TM8rJ5JEC7ns7nhE6Jeq4dbp3PpLem1TX6b4Ntg3fPF5gU7ZDYvXkQQcsj3RyvC,CxegPrfn2ge5dNiQberUrQJkHCcimeR4VXkeawcFBBka,outbound,ETH,9370.72,25641279.59
Transfered,2022-02-02 18:34:18.000,2SndtH3tU4j6v14HJzEde3d3dnpdHqTPn4VnvhTj4zKLo26H5kmtCwjn2nANfjXNVbmFsyEGtD4Jte25azsPwaRk,CxegPrfn2ge5dNiQberUrQJkHCcimeR4VXkeawcFBBka,outbound,ETH,26250.1,71828664.64
Transfered,2022-02-02 18:34:18.000,2SndtH3tU4j6v14HJzEde3d3dnpdHqTPn4VnvhTj4zKLo26H5kmtCwjn2nANfjXNVbmFsyEGtD4Jte25azsPwaRk,CxegPrfn2ge5dNiQberUrQJkHCcimeR4VXkeawcFBBka,inbound,ETH,9370.72,25641279.59
Transfered,2023-01-23 18:49:52.000,3KbFNtEwSpsJjhvuoGSyN5dX8itkYCsmQeHhtLkNoTwTUkS2gDTjPJqbRjUh84LrqdvgvTgV8DEFbPzoskFgmYkd,CxegPrfn2ge5dNiQberUrQJkHCcimeR4VXkeawcFBBka,inbound,USDT,142600.07,142700.36
Transfered,2023-01-23 18:39:25.000,3E2myynz6FaKKngcgb3S6CCDgfGv6UfEusMYVgfs1FSoqV8yh7Tkgrs1j7KWAhWqgJ4FWrefBUnsDPASdrFsdp8T,CxegPrfn2ge5dNiQberUrQJkHCcimeR4VXkeawcFBBka,outbound,USDT,436363.36,436670.25
Transfered,2023-01-23 18:49:52.000,3KbFNtEwSpsJjhvuoGSyN5dX8itkYCsmQeHhtLkNoTwTUkS2gDTjPJqbRjUh84LrqdvgvTgV8DEFbPzoskFgmYkd,CxegPrfn2ge5dNiQberUrQJkHCcimeR4VXkeawcFBBka,inbound,USDT,570729.67,571131.06
Transfered,2023-01-23 18:50:28.000,21hLe2u3jaajgpURVuE1USSvUag7rvW1rwSRTc8nusNfocQ8hmMFgSzeYazeWmvpzzzNqv5CUBc5Fm1Ssmrd46TK,CxegPrfn2ge5dNiQberUrQJkHCcimeR4VXkeawcFBBka,outbound,USDT,713116.16,713617.69
Transfered,2023-01-23 18:38:10.000,5UD7TgfKeADhQGBLD37RwG3WyESMFn7UfDfuEYZ8cfKSbwgEuuGsFoT3BVzkkp7euCAgKDvFVLBkvyZUXKNf3q5H,CxegPrfn2ge5dNiQberUrQJkHCcimeR4VXkeawcFBBka,inbound,USDT,436363.36,436670.25
Transfered,2023-01-24 00:06:16.000,4oTqPT8hthFYSkCX6H7q9Y4DYXFi4rC6J66n2uAaVTpTbvrUhpRLELvZEZbYdEP1CwdQnXEbrKjNaW7GkqpqzwtW,CxegPrfn2ge5dNiQberUrQJkHCcimeR4VXkeawcFBBka,outbound,DAI,548907.12,548749.68
Transfered,2023-01-24 00:24:48.000,3ys9hmZbSeV3kD2sWVSAGfnCZxLexBZxPxXhSBNkWahRZGn76ud1w55SVMhmUpHsdT39hsUfHGCy8JtZwnepUqyH,CxegPrfn2ge5dNiQberUrQJkHCcimeR4VXkeawcFBBka,inbound,DAI,68166.88,68147.32
Transfered,2023-01-24 00:25:28.000,4bCT6xsxP7335mcg2qJcH1NjfL4nxyz5oAsV6bFM4BBJyr3EyJS9BmWeQuuu8cgiwaSXFEYAKSQqtoU1GEacQJVb,CxegPrfn2ge5dNiQberUrQJkHCcimeR4VXkeawcFBBka,outbound,DAI,68166.88,68147.32
Transfered,2023-01-24 00:29:38.000,56L58zhxaLtgbjVYxFytryiD997THNFKAScmyST8PT3jtVHxcgj2T5Xqprybpf9pGmMpKkxspgGuDzu4SrzdnAPW,CxegPrfn2ge5dNiQberUrQJkHCcimeR4VXkeawcFBBka,outbound,DAI,132019.97,131982.1
Transfered,2023-01-24 00:19:36.000,ri26Qb5eQFnVmHe6EcMDedAxmT3nPbPXxbBmrcsBgFXYb9v3ggu2MMf1wcDdG4oSJcn5aMdHnsxomFcXchbM7KS,CxegPrfn2ge5dNiQberUrQJkHCcimeR4VXkeawcFBBka,inbound,DAI,107432.84,107402.02
Transfered,2023-01-24 00:27:23.000,QstCTfMxZFMyYNLShttVkkeqRRYVo3hqY6khL18v8GC6xq1BYzuqkHtpmorerDjGyZxJbwM7PpXsNV2ZNESQiHU,CxegPrfn2ge5dNiQberUrQJkHCcimeR4VXkeawcFBBka,inbound,DAI,64050.14,64031.77
Transfered,2023-01-24 00:22:34.000,4vesdaT4X3TRbLJ9xrY7pGWMGjpqeY4oEzGwhZQvkLmJkyUqSzwTRWz4ozxrBv2Gez1NumhEEJfSzFctSScAJ2mT,CxegPrfn2ge5dNiQberUrQJkHCcimeR4VXkeawcFBBka,outbound,DAI,107432.84,107402.02
Transfered,2023-01-24 00:26:26.000,3PrpLqHqz4qwSWR44wVTamitQad46MEsU4NDfgFayfry5XYYgRc2W8b66fL7JTzysbozu3kZhmaSMqdLkg6vLXhV,CxegPrfn2ge5dNiQberUrQJkHCcimeR4VXkeawcFBBka,inbound,DAI,67969.83,67950.33
Transfered,2023-01-24 00:00:12.000,5RKbTHQmtPhv7sv94fHkiE7c2ryXTLo5KdY2jek3fN1zPytKHLRNb7BEsZ2GYg3Pxbh9sGvpX3f568PtCeAb9UBu,CxegPrfn2ge5dNiQberUrQJkHCcimeR4VXkeawcFBBka,inbound,FRONK,1,0
Transfered,2023-01-24 00:20:16.000,wgk1fksS9dCPLaYUJ7FxSgXyz8zamPPQZR8YRsG3PscBwFGLARvGkdbpTuapLB2cE4U2E4YaNGPbdTFgpfLGYmh,CxegPrfn2ge5dNiQberUrQJkHCcimeR4VXkeawcFBBka,inbound,ETH,65.95,106894.45
Transfered,2023-01-24 00:32:36.000,2r9sSjzWcnniDQmpUprHUxaRSeGwaELh9DMwi9xirsW1U1AZmyqK1L9QELqQYerXfyQW4kiE3PCoBbLUV1CYt1FL,CxegPrfn2ge5dNiQberUrQJkHCcimeR4VXkeawcFBBka,inbound,ETH,21.16,34289.25
Transfered,2023-01-24 00:33:54.000,jXJ9LCGAhG67RicNVJPnmBnAHoBsJyvjguXrxK8UHEduBqFDTGxcZLYhKjt4fnUuGUXZmD2csWct5in1aaCWh2N,CxegPrfn2ge5dNiQberUrQJkHCcimeR4VXkeawcFBBka,outbound,ETH,21.16,34289.25
Transfered,2023-01-24 00:22:05.000,444XpNWuBN4LiCy7EnRapTFNzVCAJ9Q1xbE2KtiweyP3n8kA5egqE6WXhMSEUpavHsYAdo7bD8KjjCD9FXJeAqZo,CxegPrfn2ge5dNiQberUrQJkHCcimeR4VXkeawcFBBka,outbound,ETH,65.95,106894.45
Transfered,2023-01-23 18:38:10.000,5UD7TgfKeADhQGBLD37RwG3WyESMFn7UfDfuEYZ8cfKSbwgEuuGsFoT3BVzkkp7euCAgKDvFVLBkvyZUXKNf3q5H,CxegPrfn2ge5dNiQberUrQJkHCcimeR4VXkeawcFBBka,outbound,USDC,436421.11,436483.61
Transfered,2023-01-23 19:55:30.000,46kw2Kr2zQ8qYHJgWyyAoN5kQnxDYPiJ9AaxTTj3GzgxqcBjNHPBAJfbHxGiUSNd8ZjLyV17dCXA6kFYcChQsuPu,CxegPrfn2ge5dNiQberUrQJkHCcimeR4VXkeawcFBBka,inbound,USDC,550160.15,550238.94
Transfered,2023-01-23 20:12:26.000,JTnPoN3ixdad3phmYAM8UGNSL4dPVCHmJPXeYFkEpvnLcvwSms7DHEN3NHqKbLBxk9JwL1aDjkAQAu6YNh6yoMr,CxegPrfn2ge5dNiQberUrQJkHCcimeR4VXkeawcFBBka,inbound,USDC,134010.52,134029.71
Transfered,2023-01-23 18:44:15.000,5qfdEkt63GpqcJrFyhjyh5pWn2SmwB42x7gsv7qdPzyqXfTo4jBbuSgczw4WwcEnpcjNWbwVf9gyTVUCeQDvmyUQ,CxegPrfn2ge5dNiQberUrQJkHCcimeR4VXkeawcFBBka,inbound,USDC,107322.42,107337.79
Transfered,2023-01-23 20:29:09.000,3jfPUmPJWr1eo5LbRj49wQe6WcLA2dTfUKMJqTsbN2HhhXYbRURUXJGDszhKa3Bz2158iLWPzHjryCJZv8f79JJj,CxegPrfn2ge5dNiQberUrQJkHCcimeR4VXkeawcFBBka,outbound,USDC,140000,140020.05
Transfered,2023-01-23 18:54:56.000,32LuQFsfwgYmAGvqfUsfweTi41w3EetCTNUD3sb15HAAKJTuMwJiXGMdG1nbZ1Tmom57od5KbAkF1EDgmZSRrqeQ,CxegPrfn2ge5dNiQberUrQJkHCcimeR4VXkeawcFBBka,inbound,USDC,597027.43,597112.93
Transfered,2023-01-23 20:40:32.000,4wWphtDwnbxRQiCabM2Ay3AqGYrPYWVciDXvkVW5cvZAM9TZDSiY4xUJ4tTmP6m3rgSp6aBuHPdA3VGqE6B5hFM2,CxegPrfn2ge5dNiQberUrQJkHCcimeR4VXkeawcFBBka,outbound,USDC,60000,60008.59
Transfered,2023-01-23 17:48:14.000,4NPjNtWfr3SFZLaJLUkYEcTNGTURzR8oip1SQcRQY4ATSK2eM2VPDfbiGeZjoKML9QMt1Fw1aWy2qKgaGSEQmfaA,CxegPrfn2ge5dNiQberUrQJkHCcimeR4VXkeawcFBBka,inbound,USDC,185029.69,185056.19
Transfered,2023-01-23 19:05:47.000,4dNtpxyncdVzxHuN7kU2FsnhN8nkHvzRuLxT1sZxSeREGBohVZWUt3FZaYw71We4FP6qC2JCRMXmzKLoBTejsjEb,CxegPrfn2ge5dNiQberUrQJkHCcimeR4VXkeawcFBBka,inbound,USDC,103032.55,103047.31
Transfered,2023-01-23 18:54:56.000,32LuQFsfwgYmAGvqfUsfweTi41w3EetCTNUD3sb15HAAKJTuMwJiXGMdG1nbZ1Tmom57od5KbAkF1EDgmZSRrqeQ,CxegPrfn2ge5dNiQberUrQJkHCcimeR4VXkeawcFBBka,inbound,USDC,103485.63,103500.45
Transfered,2023-01-23 20:40:02.000,4F1EVeUn9JFP1CrBjb58KNS3uoq1mq9nqwYhsk1xZSZ1tjbniwNxgVFV1wPvSi3arhdKL8ZcuTC4zJMpz88RkE2a,CxegPrfn2ge5dNiQberUrQJkHCcimeR4VXkeawcFBBka,outbound,USDC,80000,80011.46
Transfered,2023-01-23 20:20:19.000,54mFSXL1M1JyhdJiAeZVnoWiMWyvgsH8jPX88PpAJ8Kun6TCF3F7vcqicgbNfLh1XouUbgKXCPD9XBux6sTw4aKz,CxegPrfn2ge5dNiQberUrQJkHCcimeR4VXkeawcFBBka,inbound,USDC,133873.76,133892.93
Transfered,2023-01-23 23:49:28.000,32PDTdgBN4vFaiFaVqsF4cQcGz1yuAwfrNSvyyxxjhVazmn4K8TtZNbkmEZkRoJGHNZAjgZPoqv8tczvQrir3sZ8,CxegPrfn2ge5dNiQberUrQJkHCcimeR4VXkeawcFBBka,outbound,USDC,237500,237534.02
Transfered,2023-01-23 23:50:33.000,efVnNQKXYAg3FL3Sw1ye3XBF9CRStSX5SVKQ8wQhMwUea1z465L5m8Q9pJC2XqLvpd9gjT5UVp824Dod9CzQxhr,CxegPrfn2ge5dNiQberUrQJkHCcimeR4VXkeawcFBBka,outbound,USDC,142500,142520.41
Transfered,2023-01-23 23:51:10.000,22C553Vj6NPYgNFrrzViLEk3FF3iDAzLCTknaMXCQyAWt1A58tEsUrtXMoJ2BiCfy6Vf8T2RqEqhZhfuJjirCmij,CxegPrfn2ge5dNiQberUrQJkHCcimeR4VXkeawcFBBka,outbound,USDC,200000,200028.64
Transfered,2023-01-23 18:35:25.000,3igR72jsWCwGkvSxCCiQprVFEPheUQbwSGmcT3vt1fpCcSirZ1mFWSTfP9bwaY4vpra67rmeDDoemZEhbfm9tbpc,CxegPrfn2ge5dNiQberUrQJkHCcimeR4VXkeawcFBBka,outbound,USDC,273221.33,273260.46
Transfered,2023-01-23 20:33:35.000,483PVW4HxWMz6NDsdJpDbftfySSeZDbERQjnLCvEkdkCV3GWfsBqUNagRxHZoS7zmnU3bpKqBudmV4RtrjtYQvF4,CxegPrfn2ge5dNiQberUrQJkHCcimeR4VXkeawcFBBka,outbound,USDC,100000,100014.32
Transfered,2023-01-23 20:38:56.000,36m171rTiV9VQMcJ8eB83eBaiPWpkEcX449fjq8cY7yUkj7LqZLakdCADmtYvANU2vyPHX3P9LQay4bDt6v3TaFZ,CxegPrfn2ge5dNiQberUrQJkHCcimeR4VXkeawcFBBka,outbound,USDC,80000,80011.46
Transfered,2023-01-23 23:53:43.000,tRU8MUTVBoL33V3v4md5E3RuXqxPSc5So1HwFyHp7pFGYvUf9T8rJGyb3LqmWBPmdjXaWzNc941g7AzevEJdby7,CxegPrfn2ge5dNiQberUrQJkHCcimeR4VXkeawcFBBka,outbound,USDC,1445651.39,1445858.44
Transfered,2023-01-23 23:49:28.000,32PDTdgBN4vFaiFaVqsF4cQcGz1yuAwfrNSvyyxxjhVazmn4K8TtZNbkmEZkRoJGHNZAjgZPoqv8tczvQrir3sZ8,CxegPrfn2ge5dNiQberUrQJkHCcimeR4VXkeawcFBBka,outbound,USDC,12500,12501.79
Transfered,2023-01-23 18:44:15.000,5qfdEkt63GpqcJrFyhjyh5pWn2SmwB42x7gsv7qdPzyqXfTo4jBbuSgczw4WwcEnpcjNWbwVf9gyTVUCeQDvmyUQ,CxegPrfn2ge5dNiQberUrQJkHCcimeR4VXkeawcFBBka,inbound,USDC,621151.81,621240.77
Transfered,2023-01-23 20:42:35.000,4tpgkCHctnrgWo53tjUdh1kwnjvko2mF2WJF8ZFgm9QykYBtLwjZ5L2tkuQvyReMSDmuvopKgHEDrTq7DbDSx7Jo,CxegPrfn2ge5dNiQberUrQJkHCcimeR4VXkeawcFBBka,outbound,USDC,50000,50007.16
Transfered,2023-01-23 18:02:51.000,fm8H1xPTMN16SU2BKg2wQjMY9X9s2kGN4SqpuL9m3EbLraRBmoSFwkaWp1b1YTMRZbNLmLaLTQiHaf7rEi3cZxZ,CxegPrfn2ge5dNiQberUrQJkHCcimeR4VXkeawcFBBka,outbound,USDC,869366.77,869491.28
Transfered,2023-01-23 20:32:57.000,3pSp7KpMkHyEa1mZUMmdBkxxn6VJ9oUDsyDjjDkaHwJsHbq2Zm8n8xLpp3qA9Mva3Ef2TeF3rv4BxAmWDvmoRKr4,CxegPrfn2ge5dNiQberUrQJkHCcimeR4VXkeawcFBBka,outbound,USDC,20000,20002.86
Transfered,2023-01-23 20:30:45.000,48HVwBFMYj2udQTsXLu2QrmKNPxLf45ammazcghZkmAVJNiTd1B6nWiNj5HWGBR9yhDkXXdEUUuPST5RPr3zALyu,CxegPrfn2ge5dNiQberUrQJkHCcimeR4VXkeawcFBBka,outbound,USDC,50000,50007.16
Transfered,2023-01-23 20:27:13.000,4zUywqxChMAzX96sJ8QeEaBJ5kCYbVRG92DXnj34RYPY7bBrnTf5xjEkGkKB8rBabCa3eZrrjh8BT5h2j9ULVtBa,CxegPrfn2ge5dNiQberUrQJkHCcimeR4VXkeawcFBBka,outbound,USDC,250000,250035.81
Transfered,2023-01-23 18:01:52.000,5ixYL6mQYghyANP97oEN6X3SwCMQDvGhetnpoFnX7eiQVc2P9t4sLmFGA71wnkZhFzdSSCK2DmDa96jVewUjsDv9,CxegPrfn2ge5dNiQberUrQJkHCcimeR4VXkeawcFBBka,inbound,USDC,68531.87,68541.68
Transfered,2023-01-23 23:50:33.000,efVnNQKXYAg3FL3Sw1ye3XBF9CRStSX5SVKQ8wQhMwUea1z465L5m8Q9pJC2XqLvpd9gjT5UVp824Dod9CzQxhr,CxegPrfn2ge5dNiQberUrQJkHCcimeR4VXkeawcFBBka,inbound,USDC,0.11,0.11
Transfered,2023-01-23 20:20:19.000,54mFSXL1M1JyhdJiAeZVnoWiMWyvgsH8jPX88PpAJ8Kun6TCF3F7vcqicgbNfLh1XouUbgKXCPD9XBux6sTw4aKz,CxegPrfn2ge5dNiQberUrQJkHCcimeR4VXkeawcFBBka,inbound,USDC,551907.8,551986.85
Transfered,2023-01-23 20:32:11.000,7gaYEoVAEy1KgBuwU8hkNNecbPmuS34b4bLEar13ZZT9E4Gbt8CVrzne53D1kpthnM9fzoqNaN8YRVzwVLu6XXc,CxegPrfn2ge5dNiQberUrQJkHCcimeR4VXkeawcFBBka,outbound,USDC,20000,20002.86
Transfered,2023-01-23 20:27:54.000,5CcaWZnejtmeNMfHZadsZGchcomdDLjX7ZV43TEMqxpWRD8hnTSqGxqAUdVDay6RGKkrZnBWqiTiVN3GbGa47GG8,CxegPrfn2ge5dNiQberUrQJkHCcimeR4VXkeawcFBBka,outbound,USDC,250000,250035.81
Transfered,2023-01-23 20:12:26.000,JTnPoN3ixdad3phmYAM8UGNSL4dPVCHmJPXeYFkEpvnLcvwSms7DHEN3NHqKbLBxk9JwL1aDjkAQAu6YNh6yoMr,CxegPrfn2ge5dNiQberUrQJkHCcimeR4VXkeawcFBBka,inbound,USDC,552856.66,552935.84
Transfered,2023-01-23 19:55:30.000,46kw2Kr2zQ8qYHJgWyyAoN5kQnxDYPiJ9AaxTTj3GzgxqcBjNHPBAJfbHxGiUSNd8ZjLyV17dCXA6kFYcChQsuPu,CxegPrfn2ge5dNiQberUrQJkHCcimeR4VXkeawcFBBka,inbound,USDC,133828.6,133847.77
Transfered,2023-01-23 18:49:52.000,3KbFNtEwSpsJjhvuoGSyN5dX8itkYCsmQeHhtLkNoTwTUkS2gDTjPJqbRjUh84LrqdvgvTgV8DEFbPzoskFgmYkd,CxegPrfn2ge5dNiQberUrQJkHCcimeR4VXkeawcFBBka,outbound,USDC,571040,571121.79
Transfered,2023-01-23 20:41:45.000,3HEKHMHjVVQTtpzi2EWMaT8Xa7p3G9DCHhpouDLKDADmwFhs8oZ5VVw11vvURBuaPgcQbtQBK91qvu7BgH29UcUY,CxegPrfn2ge5dNiQberUrQJkHCcimeR4VXkeawcFBBka,outbound,USDC,50000,50007.16
Transfered,2023-01-23 18:49:52.000,3KbFNtEwSpsJjhvuoGSyN5dX8itkYCsmQeHhtLkNoTwTUkS2gDTjPJqbRjUh84LrqdvgvTgV8DEFbPzoskFgmYkd,CxegPrfn2ge5dNiQberUrQJkHCcimeR4VXkeawcFBBka,outbound,USDC,142760,142780.45
Transfered,2023-01-23 20:41:05.000,3gT5VW9Y5kyG2mNQEP39ZhCPbv6aW22GWbtpnD5ydDjT8n2TmpUvpkUgNdZhd72L88hXJHCcxfEcmvH7KaeFq9Yi,CxegPrfn2ge5dNiQberUrQJkHCcimeR4VXkeawcFBBka,outbound,USDC,10000,10001.43
Transfered,2023-01-23 20:30:22.000,2wZqxyvGTFus4argVDN1MKW2F8izUp6jESiPXBWZd5zfBnBfNG2vbZwXtN9MJnZKM8336FbfdPZeef5XuCoE4cUp,CxegPrfn2ge5dNiQberUrQJkHCcimeR4VXkeawcFBBka,outbound,USDC,60000,60008.59
Transfered,2023-01-23 18:34:29.000,4zmAX8cxJqFSK92LN8vGLEAZTD1SDXbRSkodtp6hnTApasmTzG8nhiwACUUrKqc9v6Jy8y5VbKW1y2jEvhGqC4m6,CxegPrfn2ge5dNiQberUrQJkHCcimeR4VXkeawcFBBka,inbound,USDC,70868.65,70878.8
Transfered,2023-01-23 18:01:52.000,5ixYL6mQYghyANP97oEN6X3SwCMQDvGhetnpoFnX7eiQVc2P9t4sLmFGA71wnkZhFzdSSCK2DmDa96jVewUjsDv9,CxegPrfn2ge5dNiQberUrQJkHCcimeR4VXkeawcFBBka,inbound,USDC,615805.21,615893.41
Transfered,2023-01-23 18:34:29.000,4zmAX8cxJqFSK92LN8vGLEAZTD1SDXbRSkodtp6hnTApasmTzG8nhiwACUUrKqc9v6Jy8y5VbKW1y2jEvhGqC4m6,CxegPrfn2ge5dNiQberUrQJkHCcimeR4VXkeawcFBBka,inbound,USDC,638773.78,638865.27
Transfered,2023-01-23 23:55:40.000,3ZbZ1JptRk52irYX698me8Nea34M3ddfgbKPBKe5J5wBXwWLbjrzZKUGZ7n5o38aEdXY7SnpmS67gKzCvSXu3i6L,CxegPrfn2ge5dNiQberUrQJkHCcimeR4VXkeawcFBBka,inbound,USDC,1445651.39,1445858.44
Transfered,2023-01-23 23:50:33.000,efVnNQKXYAg3FL3Sw1ye3XBF9CRStSX5SVKQ8wQhMwUea1z465L5m8Q9pJC2XqLvpd9gjT5UVp824Dod9CzQxhr,CxegPrfn2ge5dNiQberUrQJkHCcimeR4VXkeawcFBBka,outbound,USDC,7500,7501.07
Transfered,2023-01-23 23:49:57.000,2wkaRjYkbAb5fib3zRzF3SC1auMbxVJwF6W7phfJrZQ2efs8fn3tcj8kC5CTwNGGja1EyMAMA85koMXdQ6SmY6u,CxegPrfn2ge5dNiQberUrQJkHCcimeR4VXkeawcFBBka,outbound,USDC,200000,200028.64
Transfered,2023-01-23 19:05:47.000,4dNtpxyncdVzxHuN7kU2FsnhN8nkHvzRuLxT1sZxSeREGBohVZWUt3FZaYw71We4FP6qC2JCRMXmzKLoBTejsjEb,CxegPrfn2ge5dNiQberUrQJkHCcimeR4VXkeawcFBBka,inbound,USDC,590793.96,590878.58
Transfered,2022-02-02 18:34:18.000,2SndtH3tU4j6v14HJzEde3d3dnpdHqTPn4VnvhTj4zKLo26H5kmtCwjn2nANfjXNVbmFsyEGtD4Jte25azsPwaRk,CxegPrfn2ge5dNiQberUrQJkHCcimeR4VXkeawcFBBka,inbound,SOL,269356.67,28878346.58
Transfered,2023-01-23 20:40:32.000,4wWphtDwnbxRQiCabM2Ay3AqGYrPYWVciDXvkVW5cvZAM9TZDSiY4xUJ4tTmP6m3rgSp6aBuHPdA3VGqE6B5hFM2,CxegPrfn2ge5dNiQberUrQJkHCcimeR4VXkeawcFBBka,inbound,DAI,54711,54703.54
Transfered,2023-01-23 20:30:22.000,2wZqxyvGTFus4argVDN1MKW2F8izUp6jESiPXBWZd5zfBnBfNG2vbZwXtN9MJnZKM8336FbfdPZeef5XuCoE4cUp,CxegPrfn2ge5dNiQberUrQJkHCcimeR4VXkeawcFBBka,inbound,DAI,56299.6,56291.93
Transfered,2023-01-23 20:27:13.000,4zUywqxChMAzX96sJ8QeEaBJ5kCYbVRG92DXnj34RYPY7bBrnTf5xjEkGkKB8rBabCa3eZrrjh8BT5h2j9ULVtBa,CxegPrfn2ge5dNiQberUrQJkHCcimeR4VXkeawcFBBka,inbound,DAI,246807.26,246773.61
Transfered,2023-01-23 23:51:10.000,22C553Vj6NPYgNFrrzViLEk3FF3iDAzLCTknaMXCQyAWt1A58tEsUrtXMoJ2BiCfy6Vf8T2RqEqhZhfuJjirCmij,CxegPrfn2ge5dNiQberUrQJkHCcimeR4VXkeawcFBBka,inbound,DAI,191089.26,191063.2
Transfered,2023-02-10 17:26:38.000,49atzXhW4gv78LC5Jdsd7QpyvteLiQoKR6Da9FvRFiwRHKtG5ZrRTUK9LMRd5dctRyU1xnJ8UVL1S7vRpSL9mTwW,CxegPrfn2ge5dNiQberUrQJkHCcimeR4VXkeawcFBBka,outbound,USDT,213.58,213.74
Transfered,2023-01-14 18:24:40.000,66fJuvD45GRgPHHNiQ7QA84FtePudB9PfT4huE2cbxj7SaL4QYJcspXfocfKouHmkJqQ55fU36aZ7EfHSk9exdNG,CxegPrfn2ge5dNiQberUrQJkHCcimeR4VXkeawcFBBka,outbound,USDC,1254088.69,1254687.77
Transfered,2023-01-14 18:22:07.000,3RCsELeTcVbAhZpS1X4RUzW4fr8GFJJHRzJzSgWPCHbu5hnB8525RxfP4CMu4wskmivxj6ADfM1wVbQgLvhpRD4v,CxegPrfn2ge5dNiQberUrQJkHCcimeR4VXkeawcFBBka,inbound,USDC,1430544.18,1431227.56
Transfered,2023-01-14 18:24:02.000,4H5jBWHqXb1LykLMRcgn5o5JG46k8ZR8ixAq9USeycLvqN1PbHBoTCCM3eEntxHKR8HeMgjyKkoGKmiHQjmmG59N,CxegPrfn2ge5dNiQberUrQJkHCcimeR4VXkeawcFBBka,outbound,USDC,1430544.18,1431227.56
Transfered,2023-01-14 18:24:40.000,66fJuvD45GRgPHHNiQ7QA84FtePudB9PfT4huE2cbxj7SaL4QYJcspXfocfKouHmkJqQ55fU36aZ7EfHSk9exdNG,CxegPrfn2ge5dNiQberUrQJkHCcimeR4VXkeawcFBBka,inbound,USDC,1254088.69,1254687.77
Transfered,2023-01-23 18:34:29.000,4zmAX8cxJqFSK92LN8vGLEAZTD1SDXbRSkodtp6hnTApasmTzG8nhiwACUUrKqc9v6Jy8y5VbKW1y2jEvhGqC4m6,CxegPrfn2ge5dNiQberUrQJkHCcimeR4VXkeawcFBBka,outbound,SOL,27000,659323.76
Transfered,2023-01-23 18:54:56.000,32LuQFsfwgYmAGvqfUsfweTi41w3EetCTNUD3sb15HAAKJTuMwJiXGMdG1nbZ1Tmom57od5KbAkF1EDgmZSRrqeQ,CxegPrfn2ge5dNiQberUrQJkHCcimeR4VXkeawcFBBka,outbound,SOL,25500,622694.66
Transfered,2023-01-23 19:55:30.000,46kw2Kr2zQ8qYHJgWyyAoN5kQnxDYPiJ9AaxTTj3GzgxqcBjNHPBAJfbHxGiUSNd8ZjLyV17dCXA6kFYcChQsuPu,CxegPrfn2ge5dNiQberUrQJkHCcimeR4VXkeawcFBBka,outbound,SOL,24000,586065.57
Transfered,2023-01-23 20:12:26.000,JTnPoN3ixdad3phmYAM8UGNSL4dPVCHmJPXeYFkEpvnLcvwSms7DHEN3NHqKbLBxk9JwL1aDjkAQAu6YNh6yoMr,CxegPrfn2ge5dNiQberUrQJkHCcimeR4VXkeawcFBBka,outbound,SOL,24000,586065.57
Transfered,2023-01-23 20:20:19.000,54mFSXL1M1JyhdJiAeZVnoWiMWyvgsH8jPX88PpAJ8Kun6TCF3F7vcqicgbNfLh1XouUbgKXCPD9XBux6sTw4aKz,CxegPrfn2ge5dNiQberUrQJkHCcimeR4VXkeawcFBBka,outbound,SOL,6000,146516.39
Transfered,2023-01-23 18:01:52.000,5ixYL6mQYghyANP97oEN6X3SwCMQDvGhetnpoFnX7eiQVc2P9t4sLmFGA71wnkZhFzdSSCK2DmDa96jVewUjsDv9,CxegPrfn2ge5dNiQberUrQJkHCcimeR4VXkeawcFBBka,outbound,SOL,26100,637346.3
Transfered,2023-01-23 20:12:26.000,JTnPoN3ixdad3phmYAM8UGNSL4dPVCHmJPXeYFkEpvnLcvwSms7DHEN3NHqKbLBxk9JwL1aDjkAQAu6YNh6yoMr,CxegPrfn2ge5dNiQberUrQJkHCcimeR4VXkeawcFBBka,outbound,SOL,6000,146516.39
Transfered,2023-01-23 19:55:30.000,46kw2Kr2zQ8qYHJgWyyAoN5kQnxDYPiJ9AaxTTj3GzgxqcBjNHPBAJfbHxGiUSNd8ZjLyV17dCXA6kFYcChQsuPu,CxegPrfn2ge5dNiQberUrQJkHCcimeR4VXkeawcFBBka,outbound,SOL,6000,146516.39
Transfered,2023-01-23 18:44:15.000,5qfdEkt63GpqcJrFyhjyh5pWn2SmwB42x7gsv7qdPzyqXfTo4jBbuSgczw4WwcEnpcjNWbwVf9gyTVUCeQDvmyUQ,CxegPrfn2ge5dNiQberUrQJkHCcimeR4VXkeawcFBBka,outbound,SOL,4650,113550.2
Transfered,2023-01-23 20:20:19.000,54mFSXL1M1JyhdJiAeZVnoWiMWyvgsH8jPX88PpAJ8Kun6TCF3F7vcqicgbNfLh1XouUbgKXCPD9XBux6sTw4aKz,CxegPrfn2ge5dNiQberUrQJkHCcimeR4VXkeawcFBBka,outbound,SOL,24000,586065.57
Transfered,2023-01-23 18:44:15.000,5qfdEkt63GpqcJrFyhjyh5pWn2SmwB42x7gsv7qdPzyqXfTo4jBbuSgczw4WwcEnpcjNWbwVf9gyTVUCeQDvmyUQ,CxegPrfn2ge5dNiQberUrQJkHCcimeR4VXkeawcFBBka,outbound,SOL,26350,643451.15
Transfered,2023-01-23 17:53:42.000,2QkKL2rJpWEjr5GaRVEqa9LgTYEfu24FteTtfPc2TCgfiqfupH3yBPsEZtDcM5GH12NETE8Xudw5D1Ui1LmhNmpj,CxegPrfn2ge5dNiQberUrQJkHCcimeR4VXkeawcFBBka,outbound,SOL,50000,1220969.93
Transfered,2023-01-23 18:54:56.000,32LuQFsfwgYmAGvqfUsfweTi41w3EetCTNUD3sb15HAAKJTuMwJiXGMdG1nbZ1Tmom57od5KbAkF1EDgmZSRrqeQ,CxegPrfn2ge5dNiQberUrQJkHCcimeR4VXkeawcFBBka,outbound,SOL,4500,109887.29
Transfered,2023-01-23 19:05:47.000,4dNtpxyncdVzxHuN7kU2FsnhN8nkHvzRuLxT1sZxSeREGBohVZWUt3FZaYw71We4FP6qC2JCRMXmzKLoBTejsjEb,CxegPrfn2ge5dNiQberUrQJkHCcimeR4VXkeawcFBBka,outbound,SOL,4500,109887.29
Transfered,2023-01-23 19:05:47.000,4dNtpxyncdVzxHuN7kU2FsnhN8nkHvzRuLxT1sZxSeREGBohVZWUt3FZaYw71We4FP6qC2JCRMXmzKLoBTejsjEb,CxegPrfn2ge5dNiQberUrQJkHCcimeR4VXkeawcFBBka,outbound,SOL,25500,622694.66
Transfered,2023-01-23 18:34:29.000,4zmAX8cxJqFSK92LN8vGLEAZTD1SDXbRSkodtp6hnTApasmTzG8nhiwACUUrKqc9v6Jy8y5VbKW1y2jEvhGqC4m6,CxegPrfn2ge5dNiQberUrQJkHCcimeR4VXkeawcFBBka,outbound,SOL,3000,73258.2
Transfered,2023-01-23 18:01:52.000,5ixYL6mQYghyANP97oEN6X3SwCMQDvGhetnpoFnX7eiQVc2P9t4sLmFGA71wnkZhFzdSSCK2DmDa96jVewUjsDv9,CxegPrfn2ge5dNiQberUrQJkHCcimeR4VXkeawcFBBka,outbound,SOL,2900,70816.26
﻿