TIME_GAP,NARRATION,EVENT,BLOCK_TIMESTAMP,TX_ID,EXPLOITER,ROUTE,SYMBOL,AMOUNT,AMOUNT_USD
0,Exploiter Bridged 0.1ETH inbound worth 273.63USD 0 minutes later,Bridged,2022-02-02 15:23:05.000,3HRKFcGjVVtf1kTHWXqJmG6zimbNeQAgN5xbt3MjP3ewYB1ih1WuWjMU6EWQXAz8shD46A3uyYW9pahoARrBmmPu,CxegPrfn2ge5dNiQberUrQJkHCcimeR4VXkeawcFBBka,inbound,ETH,0.1,273.63
181,Exploiter Bridged 120000ETH inbound worth 328358358.88USD 181 minutes later,Bridged,2022-02-02 18:24:13.000,2zCz2GgSoSS68eNJENWrYB48dMM1zmH8SZkgYneVDv2G4gRsVfwu5rNXtK5BKFxn7fSqX9BvrBc1rdPAeBEcD6Es,CxegPrfn2ge5dNiQberUrQJkHCcimeR4VXkeawcFBBka,inbound,ETH,120000,328358358.88
1,Exploiter Bridged 10000ETH outbound worth 27363196.57USD 1 minutes later,Bridged,2022-02-02 18:25:26.000,5UaqPus91wvAzKNve6L8YAHsESomZQ7GWi37gPFyzTHcXNMZA641bb8m8txo7bS7A5cAnzKDKYyiKcQC8GgDcAuf,CxegPrfn2ge5dNiQberUrQJkHCcimeR4VXkeawcFBBka,outbound,ETH,10000,27363196.57
2,Exploiter Bridged 80000ETH outbound worth 218905572.59USD 2 minutes later,Bridged,2022-02-02 18:27:10.000,j3jUDG43di8Dsg7Q3jQhstamtBovu1GLqnDJ7yNvM3r4pnK9e7uqgt9uBobCjT5S1BKhZZFQNQwDxypEYqLknec,CxegPrfn2ge5dNiQberUrQJkHCcimeR4VXkeawcFBBka,outbound,ETH,80000,218905572.59
3,Exploiter Bridged 3750ETH outbound worth 10261198.72USD 3 minutes later,Bridged,2022-02-02 18:30:28.000,3AugXqrXunBa96YfqENhPBiWZWpnSnJdqAHS64qcHTVU9KtfGon8cN9cUuXsDmBobBBXjYUtuRxnYxgERS42nh6G,CxegPrfn2ge5dNiQberUrQJkHCcimeR4VXkeawcFBBka,outbound,ETH,3750,10261198.72
4,Exploiter Transfered 269356.67SOL from GRiN6BiHeaa2wrFEpqzR397d6RqefCSRhnQVsVscwT3r worth 28878346.58USD 4 minutes later,Transfered,2022-02-02 18:34:18.000,2SndtH3tU4j6v14HJzEde3d3dnpdHqTPn4VnvhTj4zKLo26H5kmtCwjn2nANfjXNVbmFsyEGtD4Jte25azsPwaRk,CxegPrfn2ge5dNiQberUrQJkHCcimeR4VXkeawcFBBka,from GRiN6BiHeaa2wrFEpqzR397d6RqefCSRhnQVsVscwT3r,SOL,269356.67,28878346.58
0,Exploiter Transfered 26250.1ETH to GRiN6BiHeaa2wrFEpqzR397d6RqefCSRhnQVsVscwT3r worth 71828664.64USD 0 minutes later,Transfered,2022-02-02 18:34:18.000,2SndtH3tU4j6v14HJzEde3d3dnpdHqTPn4VnvhTj4zKLo26H5kmtCwjn2nANfjXNVbmFsyEGtD4Jte25azsPwaRk,CxegPrfn2ge5dNiQberUrQJkHCcimeR4VXkeawcFBBka,to GRiN6BiHeaa2wrFEpqzR397d6RqefCSRhnQVsVscwT3r,ETH,26250.1,71828664.64
0,Exploiter Transfered 9370.72ETH from GRiN6BiHeaa2wrFEpqzR397d6RqefCSRhnQVsVscwT3r worth 25641279.59USD 0 minutes later,Transfered,2022-02-02 18:34:18.000,2SndtH3tU4j6v14HJzEde3d3dnpdHqTPn4VnvhTj4zKLo26H5kmtCwjn2nANfjXNVbmFsyEGtD4Jte25azsPwaRk,CxegPrfn2ge5dNiQberUrQJkHCcimeR4VXkeawcFBBka,from GRiN6BiHeaa2wrFEpqzR397d6RqefCSRhnQVsVscwT3r,ETH,9370.72,25641279.59
0,Exploiter Transfered 1866.84ETH from FG3z1H2BBsf5ekEAxSc1K6DERuAuiXpSdUGkYecQrP5v worth 5108261.96USD 0 minutes later,Transfered,2022-02-02 18:34:48.000,4ZYmPrwPUXfyUqp4GAh6thxe8TM8rJ5JEC7ns7nhE6Jeq4dbp3PpLem1TX6b4Ntg3fPF5gU7ZDYvXkQQcsj3RyvC,CxegPrfn2ge5dNiQberUrQJkHCcimeR4VXkeawcFBBka,from FG3z1H2BBsf5ekEAxSc1K6DERuAuiXpSdUGkYecQrP5v,ETH,1866.84,5108261.96
0,Exploiter Transfered 9370.72ETH to FG3z1H2BBsf5ekEAxSc1K6DERuAuiXpSdUGkYecQrP5v worth 25641279.59USD 0 minutes later,Transfered,2022-02-02 18:34:48.000,4ZYmPrwPUXfyUqp4GAh6thxe8TM8rJ5JEC7ns7nhE6Jeq4dbp3PpLem1TX6b4Ntg3fPF5gU7ZDYvXkQQcsj3RyvC,CxegPrfn2ge5dNiQberUrQJkHCcimeR4VXkeawcFBBka,to FG3z1H2BBsf5ekEAxSc1K6DERuAuiXpSdUGkYecQrP5v,ETH,9370.72,25641279.59
0,Exploiter Transfered 18044852.11USDC from FG3z1H2BBsf5ekEAxSc1K6DERuAuiXpSdUGkYecQrP5v worth 18070295.3USD 0 minutes later,Transfered,2022-02-02 18:34:48.000,4ZYmPrwPUXfyUqp4GAh6thxe8TM8rJ5JEC7ns7nhE6Jeq4dbp3PpLem1TX6b4Ntg3fPF5gU7ZDYvXkQQcsj3RyvC,CxegPrfn2ge5dNiQberUrQJkHCcimeR4VXkeawcFBBka,from FG3z1H2BBsf5ekEAxSc1K6DERuAuiXpSdUGkYecQrP5v,USDC,18044852.11,18070295.3
1,Exploiter Transfered 18044852.11USDC to 5Q544fKrFoe6tsEbD7S8EmxGTJYAKtTVhAW5Q5pge4j1 worth 18070295.3USD 1 minutes later,Transfered,2022-02-02 18:35:36.000,2wor1JjWFLLwgzVgjREXbHDk9HVkPAnY5xjWnVKRK18hvkFtSw9KkmdQyUbWdSQu8KTTMv43x7VWpA1527zQjArH,CxegPrfn2ge5dNiQberUrQJkHCcimeR4VXkeawcFBBka,to 5Q544fKrFoe6tsEbD7S8EmxGTJYAKtTVhAW5Q5pge4j1,USDC,18044852.11,18070295.3
0,Exploiter Swapped 18044852.11USDC to 122049.228723068SOL worth 18102516.62USD 0 minutes later,Swapped,2022-02-02 18:35:36.000,2wor1JjWFLLwgzVgjREXbHDk9HVkPAnY5xjWnVKRK18hvkFtSw9KkmdQyUbWdSQu8KTTMv43x7VWpA1527zQjArH,CxegPrfn2ge5dNiQberUrQJkHCcimeR4VXkeawcFBBka,to 122049.228723068SOL,USDC,18044852.11,18102516.62
0,Exploiter Transfered 1866.84ETH to FG3z1H2BBsf5ekEAxSc1K6DERuAuiXpSdUGkYecQrP5v worth 5108261.96USD 0 minutes later,Transfered,2022-02-02 18:56:28.000,29Rb5q5hYb2bxMKNeT2jkJ4WLqgGWqYmA8aNvrE5vG8BTtHMUDesxbyGMcmGaZj3tqXDacPQAQkPbz1kaF5fYer6,CxegPrfn2ge5dNiQberUrQJkHCcimeR4VXkeawcFBBka,to FG3z1H2BBsf5ekEAxSc1K6DERuAuiXpSdUGkYecQrP5v,ETH,1866.84,5108261.96
0,Exploiter Transfered 0ETH from FG3z1H2BBsf5ekEAxSc1K6DERuAuiXpSdUGkYecQrP5v worth 0USD 0 minutes later,Transfered,2022-02-02 18:56:28.000,29Rb5q5hYb2bxMKNeT2jkJ4WLqgGWqYmA8aNvrE5vG8BTtHMUDesxbyGMcmGaZj3tqXDacPQAQkPbz1kaF5fYer6,CxegPrfn2ge5dNiQberUrQJkHCcimeR4VXkeawcFBBka,from FG3z1H2BBsf5ekEAxSc1K6DERuAuiXpSdUGkYecQrP5v,ETH,0,0
21,Exploiter Transfered 4981312.28USDC from FG3z1H2BBsf5ekEAxSc1K6DERuAuiXpSdUGkYecQrP5v worth 4988335.92USD 21 minutes later,Transfered,2022-02-02 18:56:28.000,29Rb5q5hYb2bxMKNeT2jkJ4WLqgGWqYmA8aNvrE5vG8BTtHMUDesxbyGMcmGaZj3tqXDacPQAQkPbz1kaF5fYer6,CxegPrfn2ge5dNiQberUrQJkHCcimeR4VXkeawcFBBka,from FG3z1H2BBsf5ekEAxSc1K6DERuAuiXpSdUGkYecQrP5v,USDC,4981312.28,4988335.92
1,Exploiter Transfered 4981312.28USDC to 5Q544fKrFoe6tsEbD7S8EmxGTJYAKtTVhAW5Q5pge4j1 worth 4988335.92USD 1 minutes later,Transfered,2022-02-02 18:57:04.000,4yRXEgJ5QLKWFGPMEUF4nqpN6ZkLqQxxiw8XkspvyaApVg3gbKNNDMUQroPMEs7yB7Riej4B39cesaReNt1hLdKk,CxegPrfn2ge5dNiQberUrQJkHCcimeR4VXkeawcFBBka,to 5Q544fKrFoe6tsEbD7S8EmxGTJYAKtTVhAW5Q5pge4j1,USDC,4981312.28,4988335.92
0,Exploiter Swapped 4981312.28USDC to 41253.965306835SOL worth 4997230.67USD 0 minutes later,Swapped,2022-02-02 18:57:04.000,4yRXEgJ5QLKWFGPMEUF4nqpN6ZkLqQxxiw8XkspvyaApVg3gbKNNDMUQroPMEs7yB7Riej4B39cesaReNt1hLdKk,CxegPrfn2ge5dNiQberUrQJkHCcimeR4VXkeawcFBBka,to 41253.965306835SOL,USDC,4981312.28,4997230.67
346,Exploiter Transfered 150000SOL to BxnUi6jyYbtEEgkBq4bPLKzDpSfWVAzgyf3TF2jfC1my worth 3321499.52USD 346 days later,Transfered,2023-01-14 18:13:00.000,z8jL5wcSKhLiDTKXiGPn5zvJ49X4erfWdxscoPQsZcgHkkC43MZJZdBhs9YN17hi2yuQH4nztXJgson7g464CYA,CxegPrfn2ge5dNiQberUrQJkHCcimeR4VXkeawcFBBka,to BxnUi6jyYbtEEgkBq4bPLKzDpSfWVAzgyf3TF2jfC1my,SOL,150000,3321499.52
0,Exploiter Transfered 1430544.18USDC from BxnUi6jyYbtEEgkBq4bPLKzDpSfWVAzgyf3TF2jfC1my worth 1431227.56USD 0 days later,Transfered,2023-01-14 18:22:07.000,3RCsELeTcVbAhZpS1X4RUzW4fr8GFJJHRzJzSgWPCHbu5hnB8525RxfP4CMu4wskmivxj6ADfM1wVbQgLvhpRD4v,CxegPrfn2ge5dNiQberUrQJkHCcimeR4VXkeawcFBBka,from BxnUi6jyYbtEEgkBq4bPLKzDpSfWVAzgyf3TF2jfC1my,USDC,1430544.18,1431227.56
0,Exploiter Transfered 1266373.15USDT from BxnUi6jyYbtEEgkBq4bPLKzDpSfWVAzgyf3TF2jfC1my worth 1267069.41USD 0 days later,Transfered,2023-01-14 18:22:48.000,3yjC3moRiXevRAxwUxa1FeG35sP7jyEAmcQhxgdN32RmWW5mVjaZdHaE1pJMoD6ZiWGZeeNN8sa56tKK9zSEuF27,CxegPrfn2ge5dNiQberUrQJkHCcimeR4VXkeawcFBBka,from BxnUi6jyYbtEEgkBq4bPLKzDpSfWVAzgyf3TF2jfC1my,USDT,1266373.15,1267069.41
0,Exploiter Transfered 1430544.18USDC to 7XFMgfxhDURuaPwhUkXAy6uQJCoC3HPpjiZBqcot57Ge worth 1431227.56USD 0 days later,Transfered,2023-01-14 18:24:02.000,4H5jBWHqXb1LykLMRcgn5o5JG46k8ZR8ixAq9USeycLvqN1PbHBoTCCM3eEntxHKR8HeMgjyKkoGKmiHQjmmG59N,CxegPrfn2ge5dNiQberUrQJkHCcimeR4VXkeawcFBBka,to 7XFMgfxhDURuaPwhUkXAy6uQJCoC3HPpjiZBqcot57Ge,USDC,1430544.18,1431227.56
0,Exploiter Swapped 1430544.18USDC to 1430175.905747USDCET worth 1432268.8USD 0 days later,Swapped,2023-01-14 18:24:02.000,4H5jBWHqXb1LykLMRcgn5o5JG46k8ZR8ixAq9USeycLvqN1PbHBoTCCM3eEntxHKR8HeMgjyKkoGKmiHQjmmG59N,CxegPrfn2ge5dNiQberUrQJkHCcimeR4VXkeawcFBBka,to 1430175.905747USDCET,USDC,1430544.18,1432268.8
0,Exploiter Transfered 1430175.91USDCET from 7XFMgfxhDURuaPwhUkXAy6uQJCoC3HPpjiZBqcot57Ge worth 1430608.92USD 0 days later,Transfered,2023-01-14 18:24:02.000,4H5jBWHqXb1LykLMRcgn5o5JG46k8ZR8ixAq9USeycLvqN1PbHBoTCCM3eEntxHKR8HeMgjyKkoGKmiHQjmmG59N,CxegPrfn2ge5dNiQberUrQJkHCcimeR4VXkeawcFBBka,from 7XFMgfxhDURuaPwhUkXAy6uQJCoC3HPpjiZBqcot57Ge,USDCET,1430175.91,1430608.92
0,Exploiter Swapped 1266373.15USDT to 1253129.208436USDCET worth 1267066.54USD 0 days later,Swapped,2023-01-14 18:24:40.000,66fJuvD45GRgPHHNiQ7QA84FtePudB9PfT4huE2cbxj7SaL4QYJcspXfocfKouHmkJqQ55fU36aZ7EfHSk9exdNG,CxegPrfn2ge5dNiQberUrQJkHCcimeR4VXkeawcFBBka,to 1253129.208436USDCET,USDT,1266373.15,1267066.54
0,Exploiter Transfered 1254088.69USDC to 7XFMgfxhDURuaPwhUkXAy6uQJCoC3HPpjiZBqcot57Ge worth 1254687.77USD 0 days later,Transfered,2023-01-14 18:24:40.000,66fJuvD45GRgPHHNiQ7QA84FtePudB9PfT4huE2cbxj7SaL4QYJcspXfocfKouHmkJqQ55fU36aZ7EfHSk9exdNG,CxegPrfn2ge5dNiQberUrQJkHCcimeR4VXkeawcFBBka,to 7XFMgfxhDURuaPwhUkXAy6uQJCoC3HPpjiZBqcot57Ge,USDC,1254088.69,1254687.77
0,Exploiter Transfered 1254088.69USDC from 5C1k9yV7y4CjMnKv8eGYDgWND8P89Pdfj79Trk2qmfGo worth 1254687.77USD 0 days later,Transfered,2023-01-14 18:24:40.000,66fJuvD45GRgPHHNiQ7QA84FtePudB9PfT4huE2cbxj7SaL4QYJcspXfocfKouHmkJqQ55fU36aZ7EfHSk9exdNG,CxegPrfn2ge5dNiQberUrQJkHCcimeR4VXkeawcFBBka,from 5C1k9yV7y4CjMnKv8eGYDgWND8P89Pdfj79Trk2qmfGo,USDC,1254088.69,1254687.77
0,Exploiter Transfered 1266373.15USDT to 5C1k9yV7y4CjMnKv8eGYDgWND8P89Pdfj79Trk2qmfGo worth 1267069.41USD 0 days later,Transfered,2023-01-14 18:24:40.000,66fJuvD45GRgPHHNiQ7QA84FtePudB9PfT4huE2cbxj7SaL4QYJcspXfocfKouHmkJqQ55fU36aZ7EfHSk9exdNG,CxegPrfn2ge5dNiQberUrQJkHCcimeR4VXkeawcFBBka,to 5C1k9yV7y4CjMnKv8eGYDgWND8P89Pdfj79Trk2qmfGo,USDT,1266373.15,1267069.41
0,Exploiter Transfered 1253129.21USDCET from 7XFMgfxhDURuaPwhUkXAy6uQJCoC3HPpjiZBqcot57Ge worth 1253508.62USD 0 days later,Transfered,2023-01-14 18:24:40.000,66fJuvD45GRgPHHNiQ7QA84FtePudB9PfT4huE2cbxj7SaL4QYJcspXfocfKouHmkJqQ55fU36aZ7EfHSk9exdNG,CxegPrfn2ge5dNiQberUrQJkHCcimeR4VXkeawcFBBka,from 7XFMgfxhDURuaPwhUkXAy6uQJCoC3HPpjiZBqcot57Ge,USDCET,1253129.21,1253508.62
0,Exploiter Transfered 2683305.11USDCET to 5XiqTJQBTZKcGjcbCydZvf9NzhE2R3g7GDx1yKHxs8jd worth 2684117.54USD 0 days later,Transfered,2023-01-14 18:36:03.000,gxfrGv1DYf7Nga3jAtzap2yyp4xHWtJsvNdbCkvapyTq3wjxguqexgbzNQPEw4wQFJheNzkCdkcvbNgP47XBeJ5,CxegPrfn2ge5dNiQberUrQJkHCcimeR4VXkeawcFBBka,to 5XiqTJQBTZKcGjcbCydZvf9NzhE2R3g7GDx1yKHxs8jd,USDCET,2683305.11,2684117.54
9,Exploiter Transfered 185029.69USDC from BxnUi6jyYbtEEgkBq4bPLKzDpSfWVAzgyf3TF2jfC1my worth 185056.19USD 9 days later,Transfered,2023-01-23 17:48:14.000,4NPjNtWfr3SFZLaJLUkYEcTNGTURzR8oip1SQcRQY4ATSK2eM2VPDfbiGeZjoKML9QMt1Fw1aWy2qKgaGSEQmfaA,CxegPrfn2ge5dNiQberUrQJkHCcimeR4VXkeawcFBBka,from BxnUi6jyYbtEEgkBq4bPLKzDpSfWVAzgyf3TF2jfC1my,USDC,185029.69,185056.19
0,Exploiter Transfered 50000SOL to BxnUi6jyYbtEEgkBq4bPLKzDpSfWVAzgyf3TF2jfC1my worth 1220969.93USD 0 days later,Transfered,2023-01-23 17:53:42.000,2QkKL2rJpWEjr5GaRVEqa9LgTYEfu24FteTtfPc2TCgfiqfupH3yBPsEZtDcM5GH12NETE8Xudw5D1Ui1LmhNmpj,CxegPrfn2ge5dNiQberUrQJkHCcimeR4VXkeawcFBBka,to BxnUi6jyYbtEEgkBq4bPLKzDpSfWVAzgyf3TF2jfC1my,SOL,50000,1220969.93
0,Exploiter Transfered 26100SOL to HJPjoWUrhoZzkNfRpHuieeFk9WcZWjwy6PBjZ81ngndJ worth 637346.3USD 0 days later,Transfered,2023-01-23 18:01:52.000,5ixYL6mQYghyANP97oEN6X3SwCMQDvGhetnpoFnX7eiQVc2P9t4sLmFGA71wnkZhFzdSSCK2DmDa96jVewUjsDv9,CxegPrfn2ge5dNiQberUrQJkHCcimeR4VXkeawcFBBka,to HJPjoWUrhoZzkNfRpHuieeFk9WcZWjwy6PBjZ81ngndJ,SOL,26100,637346.3
0,Exploiter Transfered 615805.21USDC from HJPjoWUrhoZzkNfRpHuieeFk9WcZWjwy6PBjZ81ngndJ worth 615893.41USD 0 days later,Transfered,2023-01-23 18:01:52.000,5ixYL6mQYghyANP97oEN6X3SwCMQDvGhetnpoFnX7eiQVc2P9t4sLmFGA71wnkZhFzdSSCK2DmDa96jVewUjsDv9,CxegPrfn2ge5dNiQberUrQJkHCcimeR4VXkeawcFBBka,from HJPjoWUrhoZzkNfRpHuieeFk9WcZWjwy6PBjZ81ngndJ,USDC,615805.21,615893.41
0,Exploiter Transfered 68531.87USDC from 5Q544fKrFoe6tsEbD7S8EmxGTJYAKtTVhAW5Q5pge4j1 worth 68541.68USD 0 days later,Transfered,2023-01-23 18:01:52.000,5ixYL6mQYghyANP97oEN6X3SwCMQDvGhetnpoFnX7eiQVc2P9t4sLmFGA71wnkZhFzdSSCK2DmDa96jVewUjsDv9,CxegPrfn2ge5dNiQberUrQJkHCcimeR4VXkeawcFBBka,from 5Q544fKrFoe6tsEbD7S8EmxGTJYAKtTVhAW5Q5pge4j1,USDC,68531.87,68541.68
0,Exploiter Transfered 2900SOL to 5Q544fKrFoe6tsEbD7S8EmxGTJYAKtTVhAW5Q5pge4j1 worth 70816.26USD 0 days later,Transfered,2023-01-23 18:01:52.000,5ixYL6mQYghyANP97oEN6X3SwCMQDvGhetnpoFnX7eiQVc2P9t4sLmFGA71wnkZhFzdSSCK2DmDa96jVewUjsDv9,CxegPrfn2ge5dNiQberUrQJkHCcimeR4VXkeawcFBBka,to 5Q544fKrFoe6tsEbD7S8EmxGTJYAKtTVhAW5Q5pge4j1,SOL,2900,70816.26
0,Exploiter Swapped 2900SOL to 68531.867913USDC worth 70205.58USD 0 days later,Swapped,2023-01-23 18:01:52.000,5ixYL6mQYghyANP97oEN6X3SwCMQDvGhetnpoFnX7eiQVc2P9t4sLmFGA71wnkZhFzdSSCK2DmDa96jVewUjsDv9,CxegPrfn2ge5dNiQberUrQJkHCcimeR4VXkeawcFBBka,to 68531.867913USDC,SOL,2900,70205.58
0,Exploiter Transfered 869366.77USDC to BxnUi6jyYbtEEgkBq4bPLKzDpSfWVAzgyf3TF2jfC1my worth 869491.28USD 0 days later,Transfered,2023-01-23 18:02:51.000,fm8H1xPTMN16SU2BKg2wQjMY9X9s2kGN4SqpuL9m3EbLraRBmoSFwkaWp1b1YTMRZbNLmLaLTQiHaf7rEi3cZxZ,CxegPrfn2ge5dNiQberUrQJkHCcimeR4VXkeawcFBBka,to BxnUi6jyYbtEEgkBq4bPLKzDpSfWVAzgyf3TF2jfC1my,USDC,869366.77,869491.28
0,Exploiter Swapped 3000SOL to 70868.65182USDC worth 72626.46USD 0 days later,Swapped,2023-01-23 18:34:29.000,4zmAX8cxJqFSK92LN8vGLEAZTD1SDXbRSkodtp6hnTApasmTzG8nhiwACUUrKqc9v6Jy8y5VbKW1y2jEvhGqC4m6,CxegPrfn2ge5dNiQberUrQJkHCcimeR4VXkeawcFBBka,to 70868.65182USDC,SOL,3000,72626.46
0,Exploiter Transfered 3000SOL to 5Q544fKrFoe6tsEbD7S8EmxGTJYAKtTVhAW5Q5pge4j1 worth 73258.2USD 0 days later,Transfered,2023-01-23 18:34:29.000,4zmAX8cxJqFSK92LN8vGLEAZTD1SDXbRSkodtp6hnTApasmTzG8nhiwACUUrKqc9v6Jy8y5VbKW1y2jEvhGqC4m6,CxegPrfn2ge5dNiQberUrQJkHCcimeR4VXkeawcFBBka,to 5Q544fKrFoe6tsEbD7S8EmxGTJYAKtTVhAW5Q5pge4j1,SOL,3000,73258.2
0,Exploiter Transfered 70868.65USDC from 5Q544fKrFoe6tsEbD7S8EmxGTJYAKtTVhAW5Q5pge4j1 worth 70878.8USD 0 days later,Transfered,2023-01-23 18:34:29.000,4zmAX8cxJqFSK92LN8vGLEAZTD1SDXbRSkodtp6hnTApasmTzG8nhiwACUUrKqc9v6Jy8y5VbKW1y2jEvhGqC4m6,CxegPrfn2ge5dNiQberUrQJkHCcimeR4VXkeawcFBBka,from 5Q544fKrFoe6tsEbD7S8EmxGTJYAKtTVhAW5Q5pge4j1,USDC,70868.65,70878.8
0,Exploiter Transfered 638773.78USDC from HJPjoWUrhoZzkNfRpHuieeFk9WcZWjwy6PBjZ81ngndJ worth 638865.27USD 0 days later,Transfered,2023-01-23 18:34:29.000,4zmAX8cxJqFSK92LN8vGLEAZTD1SDXbRSkodtp6hnTApasmTzG8nhiwACUUrKqc9v6Jy8y5VbKW1y2jEvhGqC4m6,CxegPrfn2ge5dNiQberUrQJkHCcimeR4VXkeawcFBBka,from HJPjoWUrhoZzkNfRpHuieeFk9WcZWjwy6PBjZ81ngndJ,USDC,638773.78,638865.27
0,Exploiter Transfered 27000SOL to HJPjoWUrhoZzkNfRpHuieeFk9WcZWjwy6PBjZ81ngndJ worth 659323.76USD 0 days later,Transfered,2023-01-23 18:34:29.000,4zmAX8cxJqFSK92LN8vGLEAZTD1SDXbRSkodtp6hnTApasmTzG8nhiwACUUrKqc9v6Jy8y5VbKW1y2jEvhGqC4m6,CxegPrfn2ge5dNiQberUrQJkHCcimeR4VXkeawcFBBka,to HJPjoWUrhoZzkNfRpHuieeFk9WcZWjwy6PBjZ81ngndJ,SOL,27000,659323.76
0,Exploiter Transfered 273221.33USDC to BxnUi6jyYbtEEgkBq4bPLKzDpSfWVAzgyf3TF2jfC1my worth 273260.46USD 0 days later,Transfered,2023-01-23 18:35:25.000,3igR72jsWCwGkvSxCCiQprVFEPheUQbwSGmcT3vt1fpCcSirZ1mFWSTfP9bwaY4vpra67rmeDDoemZEhbfm9tbpc,CxegPrfn2ge5dNiQberUrQJkHCcimeR4VXkeawcFBBka,to BxnUi6jyYbtEEgkBq4bPLKzDpSfWVAzgyf3TF2jfC1my,USDC,273221.33,273260.46
0,Exploiter Transfered 436363.36USDT from 5C1k9yV7y4CjMnKv8eGYDgWND8P89Pdfj79Trk2qmfGo worth 436670.25USD 0 days later,Transfered,2023-01-23 18:38:10.000,5UD7TgfKeADhQGBLD37RwG3WyESMFn7UfDfuEYZ8cfKSbwgEuuGsFoT3BVzkkp7euCAgKDvFVLBkvyZUXKNf3q5H,CxegPrfn2ge5dNiQberUrQJkHCcimeR4VXkeawcFBBka,from 5C1k9yV7y4CjMnKv8eGYDgWND8P89Pdfj79Trk2qmfGo,USDT,436363.36,436670.25
0,Exploiter Transfered 436421.11USDC to 5C1k9yV7y4CjMnKv8eGYDgWND8P89Pdfj79Trk2qmfGo worth 436483.61USD 0 days later,Transfered,2023-01-23 18:38:10.000,5UD7TgfKeADhQGBLD37RwG3WyESMFn7UfDfuEYZ8cfKSbwgEuuGsFoT3BVzkkp7euCAgKDvFVLBkvyZUXKNf3q5H,CxegPrfn2ge5dNiQberUrQJkHCcimeR4VXkeawcFBBka,to 5C1k9yV7y4CjMnKv8eGYDgWND8P89Pdfj79Trk2qmfGo,USDC,436421.11,436483.61
0,Exploiter Transfered 436363.36USDT to BxnUi6jyYbtEEgkBq4bPLKzDpSfWVAzgyf3TF2jfC1my worth 436670.25USD 0 days later,Transfered,2023-01-23 18:39:25.000,3E2myynz6FaKKngcgb3S6CCDgfGv6UfEusMYVgfs1FSoqV8yh7Tkgrs1j7KWAhWqgJ4FWrefBUnsDPASdrFsdp8T,CxegPrfn2ge5dNiQberUrQJkHCcimeR4VXkeawcFBBka,to BxnUi6jyYbtEEgkBq4bPLKzDpSfWVAzgyf3TF2jfC1my,USDT,436363.36,436670.25
0,Exploiter Swapped 4650SOL to 107322.417631USDC worth 112571.01USD 0 days later,Swapped,2023-01-23 18:44:15.000,5qfdEkt63GpqcJrFyhjyh5pWn2SmwB42x7gsv7qdPzyqXfTo4jBbuSgczw4WwcEnpcjNWbwVf9gyTVUCeQDvmyUQ,CxegPrfn2ge5dNiQberUrQJkHCcimeR4VXkeawcFBBka,to 107322.417631USDC,SOL,4650,112571.01
0,Exploiter Transfered 4650SOL to 5Q544fKrFoe6tsEbD7S8EmxGTJYAKtTVhAW5Q5pge4j1 worth 113550.2USD 0 days later,Transfered,2023-01-23 18:44:15.000,5qfdEkt63GpqcJrFyhjyh5pWn2SmwB42x7gsv7qdPzyqXfTo4jBbuSgczw4WwcEnpcjNWbwVf9gyTVUCeQDvmyUQ,CxegPrfn2ge5dNiQberUrQJkHCcimeR4VXkeawcFBBka,to 5Q544fKrFoe6tsEbD7S8EmxGTJYAKtTVhAW5Q5pge4j1,SOL,4650,113550.2
0,Exploiter Transfered 107322.42USDC from 5Q544fKrFoe6tsEbD7S8EmxGTJYAKtTVhAW5Q5pge4j1 worth 107337.79USD 0 days later,Transfered,2023-01-23 18:44:15.000,5qfdEkt63GpqcJrFyhjyh5pWn2SmwB42x7gsv7qdPzyqXfTo4jBbuSgczw4WwcEnpcjNWbwVf9gyTVUCeQDvmyUQ,CxegPrfn2ge5dNiQberUrQJkHCcimeR4VXkeawcFBBka,from 5Q544fKrFoe6tsEbD7S8EmxGTJYAKtTVhAW5Q5pge4j1,USDC,107322.42,107337.79
0,Exploiter Transfered 621151.81USDC from HJPjoWUrhoZzkNfRpHuieeFk9WcZWjwy6PBjZ81ngndJ worth 621240.77USD 0 days later,Transfered,2023-01-23 18:44:15.000,5qfdEkt63GpqcJrFyhjyh5pWn2SmwB42x7gsv7qdPzyqXfTo4jBbuSgczw4WwcEnpcjNWbwVf9gyTVUCeQDvmyUQ,CxegPrfn2ge5dNiQberUrQJkHCcimeR4VXkeawcFBBka,from HJPjoWUrhoZzkNfRpHuieeFk9WcZWjwy6PBjZ81ngndJ,USDC,621151.81,621240.77
0,Exploiter Transfered 26350SOL to HJPjoWUrhoZzkNfRpHuieeFk9WcZWjwy6PBjZ81ngndJ worth 643451.15USD 0 days later,Transfered,2023-01-23 18:44:15.000,5qfdEkt63GpqcJrFyhjyh5pWn2SmwB42x7gsv7qdPzyqXfTo4jBbuSgczw4WwcEnpcjNWbwVf9gyTVUCeQDvmyUQ,CxegPrfn2ge5dNiQberUrQJkHCcimeR4VXkeawcFBBka,to HJPjoWUrhoZzkNfRpHuieeFk9WcZWjwy6PBjZ81ngndJ,SOL,26350,643451.15
0,Exploiter Transfered 571040USDC to 5C1k9yV7y4CjMnKv8eGYDgWND8P89Pdfj79Trk2qmfGo worth 571121.79USD 0 days later,Transfered,2023-01-23 18:49:52.000,3KbFNtEwSpsJjhvuoGSyN5dX8itkYCsmQeHhtLkNoTwTUkS2gDTjPJqbRjUh84LrqdvgvTgV8DEFbPzoskFgmYkd,CxegPrfn2ge5dNiQberUrQJkHCcimeR4VXkeawcFBBka,to 5C1k9yV7y4CjMnKv8eGYDgWND8P89Pdfj79Trk2qmfGo,USDC,571040,571121.79
0,Exploiter Transfered 142760USDC to 2dc3UgMuVkASzW4sABDjDB5PjFbPTncyECUnZL73bmQR worth 142780.45USD 0 days later,Transfered,2023-01-23 18:49:52.000,3KbFNtEwSpsJjhvuoGSyN5dX8itkYCsmQeHhtLkNoTwTUkS2gDTjPJqbRjUh84LrqdvgvTgV8DEFbPzoskFgmYkd,CxegPrfn2ge5dNiQberUrQJkHCcimeR4VXkeawcFBBka,to 2dc3UgMuVkASzW4sABDjDB5PjFbPTncyECUnZL73bmQR,USDC,142760,142780.45
0,Exploiter Transfered 142600.07USDT from 2dc3UgMuVkASzW4sABDjDB5PjFbPTncyECUnZL73bmQR worth 142700.36USD 0 days later,Transfered,2023-01-23 18:49:52.000,3KbFNtEwSpsJjhvuoGSyN5dX8itkYCsmQeHhtLkNoTwTUkS2gDTjPJqbRjUh84LrqdvgvTgV8DEFbPzoskFgmYkd,CxegPrfn2ge5dNiQberUrQJkHCcimeR4VXkeawcFBBka,from 2dc3UgMuVkASzW4sABDjDB5PjFbPTncyECUnZL73bmQR,USDT,142600.07,142700.36
0,Exploiter Transfered 570729.67USDT from 5C1k9yV7y4CjMnKv8eGYDgWND8P89Pdfj79Trk2qmfGo worth 571131.06USD 0 days later,Transfered,2023-01-23 18:49:52.000,3KbFNtEwSpsJjhvuoGSyN5dX8itkYCsmQeHhtLkNoTwTUkS2gDTjPJqbRjUh84LrqdvgvTgV8DEFbPzoskFgmYkd,CxegPrfn2ge5dNiQberUrQJkHCcimeR4VXkeawcFBBka,from 5C1k9yV7y4CjMnKv8eGYDgWND8P89Pdfj79Trk2qmfGo,USDT,570729.67,571131.06
0,Exploiter Transfered 713116.16USDT to BxnUi6jyYbtEEgkBq4bPLKzDpSfWVAzgyf3TF2jfC1my worth 713617.69USD 0 days later,Transfered,2023-01-23 18:50:28.000,21hLe2u3jaajgpURVuE1USSvUag7rvW1rwSRTc8nusNfocQ8hmMFgSzeYazeWmvpzzzNqv5CUBc5Fm1Ssmrd46TK,CxegPrfn2ge5dNiQberUrQJkHCcimeR4VXkeawcFBBka,to BxnUi6jyYbtEEgkBq4bPLKzDpSfWVAzgyf3TF2jfC1my,USDT,713116.16,713617.69
0,Exploiter Transfered 25500SOL to HJPjoWUrhoZzkNfRpHuieeFk9WcZWjwy6PBjZ81ngndJ worth 622694.66USD 0 days later,Transfered,2023-01-23 18:54:56.000,32LuQFsfwgYmAGvqfUsfweTi41w3EetCTNUD3sb15HAAKJTuMwJiXGMdG1nbZ1Tmom57od5KbAkF1EDgmZSRrqeQ,CxegPrfn2ge5dNiQberUrQJkHCcimeR4VXkeawcFBBka,to HJPjoWUrhoZzkNfRpHuieeFk9WcZWjwy6PBjZ81ngndJ,SOL,25500,622694.66
0,Exploiter Swapped 4500SOL to 103485.630081USDC worth 108939.69USD 0 days later,Swapped,2023-01-23 18:54:56.000,32LuQFsfwgYmAGvqfUsfweTi41w3EetCTNUD3sb15HAAKJTuMwJiXGMdG1nbZ1Tmom57od5KbAkF1EDgmZSRrqeQ,CxegPrfn2ge5dNiQberUrQJkHCcimeR4VXkeawcFBBka,to 103485.630081USDC,SOL,4500,108939.69
0,Exploiter Transfered 4500SOL to 5Q544fKrFoe6tsEbD7S8EmxGTJYAKtTVhAW5Q5pge4j1 worth 109887.29USD 0 days later,Transfered,2023-01-23 18:54:56.000,32LuQFsfwgYmAGvqfUsfweTi41w3EetCTNUD3sb15HAAKJTuMwJiXGMdG1nbZ1Tmom57od5KbAkF1EDgmZSRrqeQ,CxegPrfn2ge5dNiQberUrQJkHCcimeR4VXkeawcFBBka,to 5Q544fKrFoe6tsEbD7S8EmxGTJYAKtTVhAW5Q5pge4j1,SOL,4500,109887.29
0,Exploiter Transfered 597027.43USDC from HJPjoWUrhoZzkNfRpHuieeFk9WcZWjwy6PBjZ81ngndJ worth 597112.93USD 0 days later,Transfered,2023-01-23 18:54:56.000,32LuQFsfwgYmAGvqfUsfweTi41w3EetCTNUD3sb15HAAKJTuMwJiXGMdG1nbZ1Tmom57od5KbAkF1EDgmZSRrqeQ,CxegPrfn2ge5dNiQberUrQJkHCcimeR4VXkeawcFBBka,from HJPjoWUrhoZzkNfRpHuieeFk9WcZWjwy6PBjZ81ngndJ,USDC,597027.43,597112.93
0,Exploiter Transfered 103485.63USDC from 5Q544fKrFoe6tsEbD7S8EmxGTJYAKtTVhAW5Q5pge4j1 worth 103500.45USD 0 days later,Transfered,2023-01-23 18:54:56.000,32LuQFsfwgYmAGvqfUsfweTi41w3EetCTNUD3sb15HAAKJTuMwJiXGMdG1nbZ1Tmom57od5KbAkF1EDgmZSRrqeQ,CxegPrfn2ge5dNiQberUrQJkHCcimeR4VXkeawcFBBka,from 5Q544fKrFoe6tsEbD7S8EmxGTJYAKtTVhAW5Q5pge4j1,USDC,103485.63,103500.45
0,Exploiter Transfered 590793.96USDC from HJPjoWUrhoZzkNfRpHuieeFk9WcZWjwy6PBjZ81ngndJ worth 590878.58USD 0 days later,Transfered,2023-01-23 19:05:47.000,4dNtpxyncdVzxHuN7kU2FsnhN8nkHvzRuLxT1sZxSeREGBohVZWUt3FZaYw71We4FP6qC2JCRMXmzKLoBTejsjEb,CxegPrfn2ge5dNiQberUrQJkHCcimeR4VXkeawcFBBka,from HJPjoWUrhoZzkNfRpHuieeFk9WcZWjwy6PBjZ81ngndJ,USDC,590793.96,590878.58
0,Exploiter Transfered 25500SOL to HJPjoWUrhoZzkNfRpHuieeFk9WcZWjwy6PBjZ81ngndJ worth 622694.66USD 0 days later,Transfered,2023-01-23 19:05:47.000,4dNtpxyncdVzxHuN7kU2FsnhN8nkHvzRuLxT1sZxSeREGBohVZWUt3FZaYw71We4FP6qC2JCRMXmzKLoBTejsjEb,CxegPrfn2ge5dNiQberUrQJkHCcimeR4VXkeawcFBBka,to HJPjoWUrhoZzkNfRpHuieeFk9WcZWjwy6PBjZ81ngndJ,SOL,25500,622694.66
0,Exploiter Transfered 103032.55USDC from 5Q544fKrFoe6tsEbD7S8EmxGTJYAKtTVhAW5Q5pge4j1 worth 103047.31USD 0 days later,Transfered,2023-01-23 19:05:47.000,4dNtpxyncdVzxHuN7kU2FsnhN8nkHvzRuLxT1sZxSeREGBohVZWUt3FZaYw71We4FP6qC2JCRMXmzKLoBTejsjEb,CxegPrfn2ge5dNiQberUrQJkHCcimeR4VXkeawcFBBka,from 5Q544fKrFoe6tsEbD7S8EmxGTJYAKtTVhAW5Q5pge4j1,USDC,103032.55,103047.31
0,Exploiter Transfered 4500SOL to 5Q544fKrFoe6tsEbD7S8EmxGTJYAKtTVhAW5Q5pge4j1 worth 109887.29USD 0 days later,Transfered,2023-01-23 19:05:47.000,4dNtpxyncdVzxHuN7kU2FsnhN8nkHvzRuLxT1sZxSeREGBohVZWUt3FZaYw71We4FP6qC2JCRMXmzKLoBTejsjEb,CxegPrfn2ge5dNiQberUrQJkHCcimeR4VXkeawcFBBka,to 5Q544fKrFoe6tsEbD7S8EmxGTJYAKtTVhAW5Q5pge4j1,SOL,4500,109887.29
0,Exploiter Swapped 4500SOL to 103032.552777USDC worth 109389.12USD 0 days later,Swapped,2023-01-23 19:05:47.000,4dNtpxyncdVzxHuN7kU2FsnhN8nkHvzRuLxT1sZxSeREGBohVZWUt3FZaYw71We4FP6qC2JCRMXmzKLoBTejsjEb,CxegPrfn2ge5dNiQberUrQJkHCcimeR4VXkeawcFBBka,to 103032.552777USDC,SOL,4500,109389.12
0,Exploiter Transfered 24000SOL to HJPjoWUrhoZzkNfRpHuieeFk9WcZWjwy6PBjZ81ngndJ worth 586065.57USD 0 days later,Transfered,2023-01-23 19:55:30.000,46kw2Kr2zQ8qYHJgWyyAoN5kQnxDYPiJ9AaxTTj3GzgxqcBjNHPBAJfbHxGiUSNd8ZjLyV17dCXA6kFYcChQsuPu,CxegPrfn2ge5dNiQberUrQJkHCcimeR4VXkeawcFBBka,to HJPjoWUrhoZzkNfRpHuieeFk9WcZWjwy6PBjZ81ngndJ,SOL,24000,586065.57
0,Exploiter Transfered 133828.6USDC from 5Q544fKrFoe6tsEbD7S8EmxGTJYAKtTVhAW5Q5pge4j1 worth 133847.77USD 0 days later,Transfered,2023-01-23 19:55:30.000,46kw2Kr2zQ8qYHJgWyyAoN5kQnxDYPiJ9AaxTTj3GzgxqcBjNHPBAJfbHxGiUSNd8ZjLyV17dCXA6kFYcChQsuPu,CxegPrfn2ge5dNiQberUrQJkHCcimeR4VXkeawcFBBka,from 5Q544fKrFoe6tsEbD7S8EmxGTJYAKtTVhAW5Q5pge4j1,USDC,133828.6,133847.77
0,Exploiter Transfered 550160.15USDC from HJPjoWUrhoZzkNfRpHuieeFk9WcZWjwy6PBjZ81ngndJ worth 550238.94USD 0 days later,Transfered,2023-01-23 19:55:30.000,46kw2Kr2zQ8qYHJgWyyAoN5kQnxDYPiJ9AaxTTj3GzgxqcBjNHPBAJfbHxGiUSNd8ZjLyV17dCXA6kFYcChQsuPu,CxegPrfn2ge5dNiQberUrQJkHCcimeR4VXkeawcFBBka,from HJPjoWUrhoZzkNfRpHuieeFk9WcZWjwy6PBjZ81ngndJ,USDC,550160.15,550238.94
0,Exploiter Swapped 6000SOL to 133828.60016USDC worth 145852.16USD 0 days later,Swapped,2023-01-23 19:55:30.000,46kw2Kr2zQ8qYHJgWyyAoN5kQnxDYPiJ9AaxTTj3GzgxqcBjNHPBAJfbHxGiUSNd8ZjLyV17dCXA6kFYcChQsuPu,CxegPrfn2ge5dNiQberUrQJkHCcimeR4VXkeawcFBBka,to 133828.60016USDC,SOL,6000,145852.16
0,Exploiter Transfered 6000SOL to 5Q544fKrFoe6tsEbD7S8EmxGTJYAKtTVhAW5Q5pge4j1 worth 146516.39USD 0 days later,Transfered,2023-01-23 19:55:30.000,46kw2Kr2zQ8qYHJgWyyAoN5kQnxDYPiJ9AaxTTj3GzgxqcBjNHPBAJfbHxGiUSNd8ZjLyV17dCXA6kFYcChQsuPu,CxegPrfn2ge5dNiQberUrQJkHCcimeR4VXkeawcFBBka,to 5Q544fKrFoe6tsEbD7S8EmxGTJYAKtTVhAW5Q5pge4j1,SOL,6000,146516.39
0,Exploiter Transfered 24000SOL to HJPjoWUrhoZzkNfRpHuieeFk9WcZWjwy6PBjZ81ngndJ worth 586065.57USD 0 days later,Transfered,2023-01-23 20:12:26.000,JTnPoN3ixdad3phmYAM8UGNSL4dPVCHmJPXeYFkEpvnLcvwSms7DHEN3NHqKbLBxk9JwL1aDjkAQAu6YNh6yoMr,CxegPrfn2ge5dNiQberUrQJkHCcimeR4VXkeawcFBBka,to HJPjoWUrhoZzkNfRpHuieeFk9WcZWjwy6PBjZ81ngndJ,SOL,24000,586065.57
0,Exploiter Transfered 6000SOL to 5Q544fKrFoe6tsEbD7S8EmxGTJYAKtTVhAW5Q5pge4j1 worth 146516.39USD 0 days later,Transfered,2023-01-23 20:12:26.000,JTnPoN3ixdad3phmYAM8UGNSL4dPVCHmJPXeYFkEpvnLcvwSms7DHEN3NHqKbLBxk9JwL1aDjkAQAu6YNh6yoMr,CxegPrfn2ge5dNiQberUrQJkHCcimeR4VXkeawcFBBka,to 5Q544fKrFoe6tsEbD7S8EmxGTJYAKtTVhAW5Q5pge4j1,SOL,6000,146516.39
0,Exploiter Transfered 552856.66USDC from HJPjoWUrhoZzkNfRpHuieeFk9WcZWjwy6PBjZ81ngndJ worth 552935.84USD 0 days later,Transfered,2023-01-23 20:12:26.000,JTnPoN3ixdad3phmYAM8UGNSL4dPVCHmJPXeYFkEpvnLcvwSms7DHEN3NHqKbLBxk9JwL1aDjkAQAu6YNh6yoMr,CxegPrfn2ge5dNiQberUrQJkHCcimeR4VXkeawcFBBka,from HJPjoWUrhoZzkNfRpHuieeFk9WcZWjwy6PBjZ81ngndJ,USDC,552856.66,552935.84
0,Exploiter Swapped 6000SOL to 134010.518875USDC worth 146726.02USD 0 days later,Swapped,2023-01-23 20:12:26.000,JTnPoN3ixdad3phmYAM8UGNSL4dPVCHmJPXeYFkEpvnLcvwSms7DHEN3NHqKbLBxk9JwL1aDjkAQAu6YNh6yoMr,CxegPrfn2ge5dNiQberUrQJkHCcimeR4VXkeawcFBBka,to 134010.518875USDC,SOL,6000,146726.02
0,Exploiter Transfered 134010.52USDC from 5Q544fKrFoe6tsEbD7S8EmxGTJYAKtTVhAW5Q5pge4j1 worth 134029.71USD 0 days later,Transfered,2023-01-23 20:12:26.000,JTnPoN3ixdad3phmYAM8UGNSL4dPVCHmJPXeYFkEpvnLcvwSms7DHEN3NHqKbLBxk9JwL1aDjkAQAu6YNh6yoMr,CxegPrfn2ge5dNiQberUrQJkHCcimeR4VXkeawcFBBka,from 5Q544fKrFoe6tsEbD7S8EmxGTJYAKtTVhAW5Q5pge4j1,USDC,134010.52,134029.71
0,Exploiter Transfered 24000SOL to HJPjoWUrhoZzkNfRpHuieeFk9WcZWjwy6PBjZ81ngndJ worth 586065.57USD 0 days later,Transfered,2023-01-23 20:20:19.000,54mFSXL1M1JyhdJiAeZVnoWiMWyvgsH8jPX88PpAJ8Kun6TCF3F7vcqicgbNfLh1XouUbgKXCPD9XBux6sTw4aKz,CxegPrfn2ge5dNiQberUrQJkHCcimeR4VXkeawcFBBka,to HJPjoWUrhoZzkNfRpHuieeFk9WcZWjwy6PBjZ81ngndJ,SOL,24000,586065.57
0,Exploiter Transfered 6000SOL to 5Q544fKrFoe6tsEbD7S8EmxGTJYAKtTVhAW5Q5pge4j1 worth 146516.39USD 0 days later,Transfered,2023-01-23 20:20:19.000,54mFSXL1M1JyhdJiAeZVnoWiMWyvgsH8jPX88PpAJ8Kun6TCF3F7vcqicgbNfLh1XouUbgKXCPD9XBux6sTw4aKz,CxegPrfn2ge5dNiQberUrQJkHCcimeR4VXkeawcFBBka,to 5Q544fKrFoe6tsEbD7S8EmxGTJYAKtTVhAW5Q5pge4j1,SOL,6000,146516.39
0,Exploiter Transfered 133873.76USDC from 5Q544fKrFoe6tsEbD7S8EmxGTJYAKtTVhAW5Q5pge4j1 worth 133892.93USD 0 days later,Transfered,2023-01-23 20:20:19.000,54mFSXL1M1JyhdJiAeZVnoWiMWyvgsH8jPX88PpAJ8Kun6TCF3F7vcqicgbNfLh1XouUbgKXCPD9XBux6sTw4aKz,CxegPrfn2ge5dNiQberUrQJkHCcimeR4VXkeawcFBBka,from 5Q544fKrFoe6tsEbD7S8EmxGTJYAKtTVhAW5Q5pge4j1,USDC,133873.76,133892.93
0,Exploiter Swapped 6000SOL to 133873.756936USDC worth 146726.02USD 0 days later,Swapped,2023-01-23 20:20:19.000,54mFSXL1M1JyhdJiAeZVnoWiMWyvgsH8jPX88PpAJ8Kun6TCF3F7vcqicgbNfLh1XouUbgKXCPD9XBux6sTw4aKz,CxegPrfn2ge5dNiQberUrQJkHCcimeR4VXkeawcFBBka,to 133873.756936USDC,SOL,6000,146726.02
0,Exploiter Transfered 551907.8USDC from HJPjoWUrhoZzkNfRpHuieeFk9WcZWjwy6PBjZ81ngndJ worth 551986.85USD 0 days later,Transfered,2023-01-23 20:20:19.000,54mFSXL1M1JyhdJiAeZVnoWiMWyvgsH8jPX88PpAJ8Kun6TCF3F7vcqicgbNfLh1XouUbgKXCPD9XBux6sTw4aKz,CxegPrfn2ge5dNiQberUrQJkHCcimeR4VXkeawcFBBka,from HJPjoWUrhoZzkNfRpHuieeFk9WcZWjwy6PBjZ81ngndJ,USDC,551907.8,551986.85
0,Exploiter Transfered 250000USDC to 3m15qNJDM5zydsYNJzkFYXE7iGCVnkKz1mrmbawrDUAH worth 250035.81USD 0 days later,Transfered,2023-01-23 20:27:13.000,4zUywqxChMAzX96sJ8QeEaBJ5kCYbVRG92DXnj34RYPY7bBrnTf5xjEkGkKB8rBabCa3eZrrjh8BT5h2j9ULVtBa,CxegPrfn2ge5dNiQberUrQJkHCcimeR4VXkeawcFBBka,to 3m15qNJDM5zydsYNJzkFYXE7iGCVnkKz1mrmbawrDUAH,USDC,250000,250035.81
0,Exploiter Transfered 246807.26DAI from 3m15qNJDM5zydsYNJzkFYXE7iGCVnkKz1mrmbawrDUAH worth 246773.61USD 0 days later,Transfered,2023-01-23 20:27:13.000,4zUywqxChMAzX96sJ8QeEaBJ5kCYbVRG92DXnj34RYPY7bBrnTf5xjEkGkKB8rBabCa3eZrrjh8BT5h2j9ULVtBa,CxegPrfn2ge5dNiQberUrQJkHCcimeR4VXkeawcFBBka,from 3m15qNJDM5zydsYNJzkFYXE7iGCVnkKz1mrmbawrDUAH,DAI,246807.26,246773.61
0,Exploiter Transfered 243384.48USDTET from 3m15qNJDM5zydsYNJzkFYXE7iGCVnkKz1mrmbawrDUAH worth 244603.88USD 0 days later,Transfered,2023-01-23 20:27:54.000,5CcaWZnejtmeNMfHZadsZGchcomdDLjX7ZV43TEMqxpWRD8hnTSqGxqAUdVDay6RGKkrZnBWqiTiVN3GbGa47GG8,CxegPrfn2ge5dNiQberUrQJkHCcimeR4VXkeawcFBBka,from 3m15qNJDM5zydsYNJzkFYXE7iGCVnkKz1mrmbawrDUAH,USDTET,243384.48,244603.88
0,Exploiter Transfered 250000USDC to 3m15qNJDM5zydsYNJzkFYXE7iGCVnkKz1mrmbawrDUAH worth 250035.81USD 0 days later,Transfered,2023-01-23 20:27:54.000,5CcaWZnejtmeNMfHZadsZGchcomdDLjX7ZV43TEMqxpWRD8hnTSqGxqAUdVDay6RGKkrZnBWqiTiVN3GbGa47GG8,CxegPrfn2ge5dNiQberUrQJkHCcimeR4VXkeawcFBBka,to 3m15qNJDM5zydsYNJzkFYXE7iGCVnkKz1mrmbawrDUAH,USDC,250000,250035.81
0,Exploiter Transfered 134753.41USDCET from 3m15qNJDM5zydsYNJzkFYXE7iGCVnkKz1mrmbawrDUAH worth 135868.65USD 0 days later,Transfered,2023-01-23 20:29:09.000,3jfPUmPJWr1eo5LbRj49wQe6WcLA2dTfUKMJqTsbN2HhhXYbRURUXJGDszhKa3Bz2158iLWPzHjryCJZv8f79JJj,CxegPrfn2ge5dNiQberUrQJkHCcimeR4VXkeawcFBBka,from 3m15qNJDM5zydsYNJzkFYXE7iGCVnkKz1mrmbawrDUAH,USDCET,134753.41,135868.65
0,Exploiter Transfered 140000USDC to 3m15qNJDM5zydsYNJzkFYXE7iGCVnkKz1mrmbawrDUAH worth 140020.05USD 0 days later,Transfered,2023-01-23 20:29:09.000,3jfPUmPJWr1eo5LbRj49wQe6WcLA2dTfUKMJqTsbN2HhhXYbRURUXJGDszhKa3Bz2158iLWPzHjryCJZv8f79JJj,CxegPrfn2ge5dNiQberUrQJkHCcimeR4VXkeawcFBBka,to 3m15qNJDM5zydsYNJzkFYXE7iGCVnkKz1mrmbawrDUAH,USDC,140000,140020.05
0,Exploiter Transfered 56299.6DAI from 3m15qNJDM5zydsYNJzkFYXE7iGCVnkKz1mrmbawrDUAH worth 56291.93USD 0 days later,Transfered,2023-01-23 20:30:22.000,2wZqxyvGTFus4argVDN1MKW2F8izUp6jESiPXBWZd5zfBnBfNG2vbZwXtN9MJnZKM8336FbfdPZeef5XuCoE4cUp,CxegPrfn2ge5dNiQberUrQJkHCcimeR4VXkeawcFBBka,from 3m15qNJDM5zydsYNJzkFYXE7iGCVnkKz1mrmbawrDUAH,DAI,56299.6,56291.93
0,Exploiter Transfered 60000USDC to 3m15qNJDM5zydsYNJzkFYXE7iGCVnkKz1mrmbawrDUAH worth 60008.59USD 0 days later,Transfered,2023-01-23 20:30:22.000,2wZqxyvGTFus4argVDN1MKW2F8izUp6jESiPXBWZd5zfBnBfNG2vbZwXtN9MJnZKM8336FbfdPZeef5XuCoE4cUp,CxegPrfn2ge5dNiQberUrQJkHCcimeR4VXkeawcFBBka,to 3m15qNJDM5zydsYNJzkFYXE7iGCVnkKz1mrmbawrDUAH,USDC,60000,60008.59
0,Exploiter Transfered 30.68ETH from 6dd82JKznP7JVNRxEqfTyWtMjys1i87oL2PkiiEupZNH worth 49819.94USD 0 days later,Transfered,2023-01-23 20:30:45.000,48HVwBFMYj2udQTsXLu2QrmKNPxLf45ammazcghZkmAVJNiTd1B6nWiNj5HWGBR9yhDkXXdEUUuPST5RPr3zALyu,CxegPrfn2ge5dNiQberUrQJkHCcimeR4VXkeawcFBBka,from 6dd82JKznP7JVNRxEqfTyWtMjys1i87oL2PkiiEupZNH,ETH,30.68,49819.94
0,Exploiter Transfered 50000USDC to 6dd82JKznP7JVNRxEqfTyWtMjys1i87oL2PkiiEupZNH worth 50007.16USD 0 days later,Transfered,2023-01-23 20:30:45.000,48HVwBFMYj2udQTsXLu2QrmKNPxLf45ammazcghZkmAVJNiTd1B6nWiNj5HWGBR9yhDkXXdEUUuPST5RPr3zALyu,CxegPrfn2ge5dNiQberUrQJkHCcimeR4VXkeawcFBBka,to 6dd82JKznP7JVNRxEqfTyWtMjys1i87oL2PkiiEupZNH,USDC,50000,50007.16
0,Exploiter Transfered 20000USDC to AXtdSZ2mpagmtM5aipN5kV9CyGBA8dxhSBnqMRp7UpdN worth 20002.86USD 0 days later,Transfered,2023-01-23 20:32:11.000,7gaYEoVAEy1KgBuwU8hkNNecbPmuS34b4bLEar13ZZT9E4Gbt8CVrzne53D1kpthnM9fzoqNaN8YRVzwVLu6XXc,CxegPrfn2ge5dNiQberUrQJkHCcimeR4VXkeawcFBBka,to AXtdSZ2mpagmtM5aipN5kV9CyGBA8dxhSBnqMRp7UpdN,USDC,20000,20002.86
0,Exploiter Transfered 755.83STSOL from AXtdSZ2mpagmtM5aipN5kV9CyGBA8dxhSBnqMRp7UpdN worth 19950.95USD 0 days later,Transfered,2023-01-23 20:32:11.000,7gaYEoVAEy1KgBuwU8hkNNecbPmuS34b4bLEar13ZZT9E4Gbt8CVrzne53D1kpthnM9fzoqNaN8YRVzwVLu6XXc,CxegPrfn2ge5dNiQberUrQJkHCcimeR4VXkeawcFBBka,from AXtdSZ2mpagmtM5aipN5kV9CyGBA8dxhSBnqMRp7UpdN,STSOL,755.83,19950.95
0,Exploiter Transfered 755.83STSOL to Db4AyCBKyH5pcCxJuvQzWfFsVsSH6rM9sm21HbA4WU5 worth 19950.95USD 0 days later,Transfered,2023-01-23 20:32:11.000,7gaYEoVAEy1KgBuwU8hkNNecbPmuS34b4bLEar13ZZT9E4Gbt8CVrzne53D1kpthnM9fzoqNaN8YRVzwVLu6XXc,CxegPrfn2ge5dNiQberUrQJkHCcimeR4VXkeawcFBBka,to Db4AyCBKyH5pcCxJuvQzWfFsVsSH6rM9sm21HbA4WU5,STSOL,755.83,19950.95
0,Exploiter Transfered 11.97ETH from Db4AyCBKyH5pcCxJuvQzWfFsVsSH6rM9sm21HbA4WU5 worth 19438.25USD 0 days later,Transfered,2023-01-23 20:32:11.000,7gaYEoVAEy1KgBuwU8hkNNecbPmuS34b4bLEar13ZZT9E4Gbt8CVrzne53D1kpthnM9fzoqNaN8YRVzwVLu6XXc,CxegPrfn2ge5dNiQberUrQJkHCcimeR4VXkeawcFBBka,from Db4AyCBKyH5pcCxJuvQzWfFsVsSH6rM9sm21HbA4WU5,ETH,11.97,19438.25
0,Exploiter Transfered 20000USDC to AU971DrPyhhrpRnmEBp5pDTWL2ny7nofb5vYBjDJkR2E worth 20002.86USD 0 days later,Transfered,2023-01-23 20:32:57.000,3pSp7KpMkHyEa1mZUMmdBkxxn6VJ9oUDsyDjjDkaHwJsHbq2Zm8n8xLpp3qA9Mva3Ef2TeF3rv4BxAmWDvmoRKr4,CxegPrfn2ge5dNiQberUrQJkHCcimeR4VXkeawcFBBka,to AU971DrPyhhrpRnmEBp5pDTWL2ny7nofb5vYBjDJkR2E,USDC,20000,20002.86
0,Exploiter Transfered 11.74ETH from AU971DrPyhhrpRnmEBp5pDTWL2ny7nofb5vYBjDJkR2E worth 19062.09USD 0 days later,Transfered,2023-01-23 20:32:57.000,3pSp7KpMkHyEa1mZUMmdBkxxn6VJ9oUDsyDjjDkaHwJsHbq2Zm8n8xLpp3qA9Mva3Ef2TeF3rv4BxAmWDvmoRKr4,CxegPrfn2ge5dNiQberUrQJkHCcimeR4VXkeawcFBBka,from AU971DrPyhhrpRnmEBp5pDTWL2ny7nofb5vYBjDJkR2E,ETH,11.74,19062.09
0,Exploiter Transfered 98676.84USDCET from 3m15qNJDM5zydsYNJzkFYXE7iGCVnkKz1mrmbawrDUAH worth 99493.51USD 0 days later,Transfered,2023-01-23 20:33:35.000,483PVW4HxWMz6NDsdJpDbftfySSeZDbERQjnLCvEkdkCV3GWfsBqUNagRxHZoS7zmnU3bpKqBudmV4RtrjtYQvF4,CxegPrfn2ge5dNiQberUrQJkHCcimeR4VXkeawcFBBka,from 3m15qNJDM5zydsYNJzkFYXE7iGCVnkKz1mrmbawrDUAH,USDCET,98676.84,99493.51
0,Exploiter Transfered 100000USDC to 3m15qNJDM5zydsYNJzkFYXE7iGCVnkKz1mrmbawrDUAH worth 100014.32USD 0 days later,Transfered,2023-01-23 20:33:35.000,483PVW4HxWMz6NDsdJpDbftfySSeZDbERQjnLCvEkdkCV3GWfsBqUNagRxHZoS7zmnU3bpKqBudmV4RtrjtYQvF4,CxegPrfn2ge5dNiQberUrQJkHCcimeR4VXkeawcFBBka,to 3m15qNJDM5zydsYNJzkFYXE7iGCVnkKz1mrmbawrDUAH,USDC,100000,100014.32
0,Exploiter Transfered 78893.14USDCET from 3m15qNJDM5zydsYNJzkFYXE7iGCVnkKz1mrmbawrDUAH worth 79546.07USD 0 days later,Transfered,2023-01-23 20:38:56.000,36m171rTiV9VQMcJ8eB83eBaiPWpkEcX449fjq8cY7yUkj7LqZLakdCADmtYvANU2vyPHX3P9LQay4bDt6v3TaFZ,CxegPrfn2ge5dNiQberUrQJkHCcimeR4VXkeawcFBBka,from 3m15qNJDM5zydsYNJzkFYXE7iGCVnkKz1mrmbawrDUAH,USDCET,78893.14,79546.07
0,Exploiter Transfered 80000USDC to 3m15qNJDM5zydsYNJzkFYXE7iGCVnkKz1mrmbawrDUAH worth 80011.46USD 0 days later,Transfered,2023-01-23 20:38:56.000,36m171rTiV9VQMcJ8eB83eBaiPWpkEcX449fjq8cY7yUkj7LqZLakdCADmtYvANU2vyPHX3P9LQay4bDt6v3TaFZ,CxegPrfn2ge5dNiQberUrQJkHCcimeR4VXkeawcFBBka,to 3m15qNJDM5zydsYNJzkFYXE7iGCVnkKz1mrmbawrDUAH,USDC,80000,80011.46
0,Exploiter Transfered 78522.33USDTET from 3m15qNJDM5zydsYNJzkFYXE7iGCVnkKz1mrmbawrDUAH worth 78915.74USD 0 days later,Transfered,2023-01-23 20:40:02.000,4F1EVeUn9JFP1CrBjb58KNS3uoq1mq9nqwYhsk1xZSZ1tjbniwNxgVFV1wPvSi3arhdKL8ZcuTC4zJMpz88RkE2a,CxegPrfn2ge5dNiQberUrQJkHCcimeR4VXkeawcFBBka,from 3m15qNJDM5zydsYNJzkFYXE7iGCVnkKz1mrmbawrDUAH,USDTET,78522.33,78915.74
0,Exploiter Transfered 80000USDC to 3m15qNJDM5zydsYNJzkFYXE7iGCVnkKz1mrmbawrDUAH worth 80011.46USD 0 days later,Transfered,2023-01-23 20:40:02.000,4F1EVeUn9JFP1CrBjb58KNS3uoq1mq9nqwYhsk1xZSZ1tjbniwNxgVFV1wPvSi3arhdKL8ZcuTC4zJMpz88RkE2a,CxegPrfn2ge5dNiQberUrQJkHCcimeR4VXkeawcFBBka,to 3m15qNJDM5zydsYNJzkFYXE7iGCVnkKz1mrmbawrDUAH,USDC,80000,80011.46
0,Exploiter Transfered 54711DAI from 3m15qNJDM5zydsYNJzkFYXE7iGCVnkKz1mrmbawrDUAH worth 54703.54USD 0 days later,Transfered,2023-01-23 20:40:32.000,4wWphtDwnbxRQiCabM2Ay3AqGYrPYWVciDXvkVW5cvZAM9TZDSiY4xUJ4tTmP6m3rgSp6aBuHPdA3VGqE6B5hFM2,CxegPrfn2ge5dNiQberUrQJkHCcimeR4VXkeawcFBBka,from 3m15qNJDM5zydsYNJzkFYXE7iGCVnkKz1mrmbawrDUAH,DAI,54711,54703.54
0,Exploiter Transfered 60000USDC to 3m15qNJDM5zydsYNJzkFYXE7iGCVnkKz1mrmbawrDUAH worth 60008.59USD 0 days later,Transfered,2023-01-23 20:40:32.000,4wWphtDwnbxRQiCabM2Ay3AqGYrPYWVciDXvkVW5cvZAM9TZDSiY4xUJ4tTmP6m3rgSp6aBuHPdA3VGqE6B5hFM2,CxegPrfn2ge5dNiQberUrQJkHCcimeR4VXkeawcFBBka,to 3m15qNJDM5zydsYNJzkFYXE7iGCVnkKz1mrmbawrDUAH,USDC,60000,60008.59
0,Exploiter Transfered 379.12STSOL from AXtdSZ2mpagmtM5aipN5kV9CyGBA8dxhSBnqMRp7UpdN worth 10007.2USD 0 days later,Transfered,2023-01-23 20:41:05.000,3gT5VW9Y5kyG2mNQEP39ZhCPbv6aW22GWbtpnD5ydDjT8n2TmpUvpkUgNdZhd72L88hXJHCcxfEcmvH7KaeFq9Yi,CxegPrfn2ge5dNiQberUrQJkHCcimeR4VXkeawcFBBka,from AXtdSZ2mpagmtM5aipN5kV9CyGBA8dxhSBnqMRp7UpdN,STSOL,379.12,10007.2
0,Exploiter Transfered 379.12STSOL to Db4AyCBKyH5pcCxJuvQzWfFsVsSH6rM9sm21HbA4WU5 worth 10007.2USD 0 days later,Transfered,2023-01-23 20:41:05.000,3gT5VW9Y5kyG2mNQEP39ZhCPbv6aW22GWbtpnD5ydDjT8n2TmpUvpkUgNdZhd72L88hXJHCcxfEcmvH7KaeFq9Yi,CxegPrfn2ge5dNiQberUrQJkHCcimeR4VXkeawcFBBka,to Db4AyCBKyH5pcCxJuvQzWfFsVsSH6rM9sm21HbA4WU5,STSOL,379.12,10007.2
0,Exploiter Transfered 6ETH from Db4AyCBKyH5pcCxJuvQzWfFsVsSH6rM9sm21HbA4WU5 worth 9746.98USD 0 days later,Transfered,2023-01-23 20:41:05.000,3gT5VW9Y5kyG2mNQEP39ZhCPbv6aW22GWbtpnD5ydDjT8n2TmpUvpkUgNdZhd72L88hXJHCcxfEcmvH7KaeFq9Yi,CxegPrfn2ge5dNiQberUrQJkHCcimeR4VXkeawcFBBka,from Db4AyCBKyH5pcCxJuvQzWfFsVsSH6rM9sm21HbA4WU5,ETH,6,9746.98
0,Exploiter Transfered 10000USDC to AXtdSZ2mpagmtM5aipN5kV9CyGBA8dxhSBnqMRp7UpdN worth 10001.43USD 0 days later,Transfered,2023-01-23 20:41:05.000,3gT5VW9Y5kyG2mNQEP39ZhCPbv6aW22GWbtpnD5ydDjT8n2TmpUvpkUgNdZhd72L88hXJHCcxfEcmvH7KaeFq9Yi,CxegPrfn2ge5dNiQberUrQJkHCcimeR4VXkeawcFBBka,to AXtdSZ2mpagmtM5aipN5kV9CyGBA8dxhSBnqMRp7UpdN,USDC,10000,10001.43
0,Exploiter Transfered 45032.55USDCET from 3m15qNJDM5zydsYNJzkFYXE7iGCVnkKz1mrmbawrDUAH worth 45405.25USD 0 days later,Transfered,2023-01-23 20:41:45.000,3HEKHMHjVVQTtpzi2EWMaT8Xa7p3G9DCHhpouDLKDADmwFhs8oZ5VVw11vvURBuaPgcQbtQBK91qvu7BgH29UcUY,CxegPrfn2ge5dNiQberUrQJkHCcimeR4VXkeawcFBBka,from 3m15qNJDM5zydsYNJzkFYXE7iGCVnkKz1mrmbawrDUAH,USDCET,45032.55,45405.25
0,Exploiter Transfered 50000USDC to 3m15qNJDM5zydsYNJzkFYXE7iGCVnkKz1mrmbawrDUAH worth 50007.16USD 0 days later,Transfered,2023-01-23 20:41:45.000,3HEKHMHjVVQTtpzi2EWMaT8Xa7p3G9DCHhpouDLKDADmwFhs8oZ5VVw11vvURBuaPgcQbtQBK91qvu7BgH29UcUY,CxegPrfn2ge5dNiQberUrQJkHCcimeR4VXkeawcFBBka,to 3m15qNJDM5zydsYNJzkFYXE7iGCVnkKz1mrmbawrDUAH,USDC,50000,50007.16
0,Exploiter Transfered 44464.96USDTET from 3m15qNJDM5zydsYNJzkFYXE7iGCVnkKz1mrmbawrDUAH worth 44687.74USD 0 days later,Transfered,2023-01-23 20:42:35.000,4tpgkCHctnrgWo53tjUdh1kwnjvko2mF2WJF8ZFgm9QykYBtLwjZ5L2tkuQvyReMSDmuvopKgHEDrTq7DbDSx7Jo,CxegPrfn2ge5dNiQberUrQJkHCcimeR4VXkeawcFBBka,from 3m15qNJDM5zydsYNJzkFYXE7iGCVnkKz1mrmbawrDUAH,USDTET,44464.96,44687.74
0,Exploiter Transfered 50000USDC to 3m15qNJDM5zydsYNJzkFYXE7iGCVnkKz1mrmbawrDUAH worth 50007.16USD 0 days later,Transfered,2023-01-23 20:42:35.000,4tpgkCHctnrgWo53tjUdh1kwnjvko2mF2WJF8ZFgm9QykYBtLwjZ5L2tkuQvyReMSDmuvopKgHEDrTq7DbDSx7Jo,CxegPrfn2ge5dNiQberUrQJkHCcimeR4VXkeawcFBBka,to 3m15qNJDM5zydsYNJzkFYXE7iGCVnkKz1mrmbawrDUAH,USDC,50000,50007.16
0,Exploiter Transfered 11511.1USDCET from 7XFMgfxhDURuaPwhUkXAy6uQJCoC3HPpjiZBqcot57Ge worth 11606.37USD 0 days later,Transfered,2023-01-23 23:49:28.000,32PDTdgBN4vFaiFaVqsF4cQcGz1yuAwfrNSvyyxxjhVazmn4K8TtZNbkmEZkRoJGHNZAjgZPoqv8tczvQrir3sZ8,CxegPrfn2ge5dNiQberUrQJkHCcimeR4VXkeawcFBBka,from 7XFMgfxhDURuaPwhUkXAy6uQJCoC3HPpjiZBqcot57Ge,USDCET,11511.1,11606.37
0,Exploiter Transfered 12500USDC to 7XFMgfxhDURuaPwhUkXAy6uQJCoC3HPpjiZBqcot57Ge worth 12501.79USD 0 days later,Transfered,2023-01-23 23:49:28.000,32PDTdgBN4vFaiFaVqsF4cQcGz1yuAwfrNSvyyxxjhVazmn4K8TtZNbkmEZkRoJGHNZAjgZPoqv8tczvQrir3sZ8,CxegPrfn2ge5dNiQberUrQJkHCcimeR4VXkeawcFBBka,to 7XFMgfxhDURuaPwhUkXAy6uQJCoC3HPpjiZBqcot57Ge,USDC,12500,12501.79
0,Exploiter Transfered 237500USDC to 3m15qNJDM5zydsYNJzkFYXE7iGCVnkKz1mrmbawrDUAH worth 237534.02USD 0 days later,Transfered,2023-01-23 23:49:28.000,32PDTdgBN4vFaiFaVqsF4cQcGz1yuAwfrNSvyyxxjhVazmn4K8TtZNbkmEZkRoJGHNZAjgZPoqv8tczvQrir3sZ8,CxegPrfn2ge5dNiQberUrQJkHCcimeR4VXkeawcFBBka,to 3m15qNJDM5zydsYNJzkFYXE7iGCVnkKz1mrmbawrDUAH,USDC,237500,237534.02
0,Exploiter Transfered 234833.79USDCET from 3m15qNJDM5zydsYNJzkFYXE7iGCVnkKz1mrmbawrDUAH worth 236777.3USD 0 days later,Transfered,2023-01-23 23:49:28.000,32PDTdgBN4vFaiFaVqsF4cQcGz1yuAwfrNSvyyxxjhVazmn4K8TtZNbkmEZkRoJGHNZAjgZPoqv8tczvQrir3sZ8,CxegPrfn2ge5dNiQberUrQJkHCcimeR4VXkeawcFBBka,from 3m15qNJDM5zydsYNJzkFYXE7iGCVnkKz1mrmbawrDUAH,USDCET,234833.79,236777.3
0,Exploiter Transfered 200000USDC to 3m15qNJDM5zydsYNJzkFYXE7iGCVnkKz1mrmbawrDUAH worth 200028.64USD 0 days later,Transfered,2023-01-23 23:49:57.000,2wkaRjYkbAb5fib3zRzF3SC1auMbxVJwF6W7phfJrZQ2efs8fn3tcj8kC5CTwNGGja1EyMAMA85koMXdQ6SmY6u,CxegPrfn2ge5dNiQberUrQJkHCcimeR4VXkeawcFBBka,to 3m15qNJDM5zydsYNJzkFYXE7iGCVnkKz1mrmbawrDUAH,USDC,200000,200028.64
0,Exploiter Transfered 191295.72USDTET from 3m15qNJDM5zydsYNJzkFYXE7iGCVnkKz1mrmbawrDUAH worth 192254.15USD 0 days later,Transfered,2023-01-23 23:49:57.000,2wkaRjYkbAb5fib3zRzF3SC1auMbxVJwF6W7phfJrZQ2efs8fn3tcj8kC5CTwNGGja1EyMAMA85koMXdQ6SmY6u,CxegPrfn2ge5dNiQberUrQJkHCcimeR4VXkeawcFBBka,from 3m15qNJDM5zydsYNJzkFYXE7iGCVnkKz1mrmbawrDUAH,USDTET,191295.72,192254.15
0,Exploiter Transfered 7500USDC to 8uLtzZ1iTLTCPsm3b4QttRmDXcFjhVHRuMS9VTVEwo7E worth 7501.07USD 0 days later,Transfered,2023-01-23 23:50:33.000,efVnNQKXYAg3FL3Sw1ye3XBF9CRStSX5SVKQ8wQhMwUea1z465L5m8Q9pJC2XqLvpd9gjT5UVp824Dod9CzQxhr,CxegPrfn2ge5dNiQberUrQJkHCcimeR4VXkeawcFBBka,to 8uLtzZ1iTLTCPsm3b4QttRmDXcFjhVHRuMS9VTVEwo7E,USDC,7500,7501.07
0,Exploiter Transfered 4ETH from 8uLtzZ1iTLTCPsm3b4QttRmDXcFjhVHRuMS9VTVEwo7E worth 6490.19USD 0 days later,Transfered,2023-01-23 23:50:33.000,efVnNQKXYAg3FL3Sw1ye3XBF9CRStSX5SVKQ8wQhMwUea1z465L5m8Q9pJC2XqLvpd9gjT5UVp824Dod9CzQxhr,CxegPrfn2ge5dNiQberUrQJkHCcimeR4VXkeawcFBBka,from 8uLtzZ1iTLTCPsm3b4QttRmDXcFjhVHRuMS9VTVEwo7E,ETH,4,6490.19
0,Exploiter Transfered 84.99ETH from G6bwK22tQZwv6zfQXNehuA4rFJRVNxqZW2dr7MGGSfSN worth 138012.75USD 0 days later,Transfered,2023-01-23 23:50:33.000,efVnNQKXYAg3FL3Sw1ye3XBF9CRStSX5SVKQ8wQhMwUea1z465L5m8Q9pJC2XqLvpd9gjT5UVp824Dod9CzQxhr,CxegPrfn2ge5dNiQberUrQJkHCcimeR4VXkeawcFBBka,from G6bwK22tQZwv6zfQXNehuA4rFJRVNxqZW2dr7MGGSfSN,ETH,84.99,138012.75
0,Exploiter Transfered 0.11USDC from G6bwK22tQZwv6zfQXNehuA4rFJRVNxqZW2dr7MGGSfSN worth 0.11USD 0 days later,Transfered,2023-01-23 23:50:33.000,efVnNQKXYAg3FL3Sw1ye3XBF9CRStSX5SVKQ8wQhMwUea1z465L5m8Q9pJC2XqLvpd9gjT5UVp824Dod9CzQxhr,CxegPrfn2ge5dNiQberUrQJkHCcimeR4VXkeawcFBBka,from G6bwK22tQZwv6zfQXNehuA4rFJRVNxqZW2dr7MGGSfSN,USDC,0.11,0.11
0,Exploiter Transfered 142500USDC to G6bwK22tQZwv6zfQXNehuA4rFJRVNxqZW2dr7MGGSfSN worth 142520.41USD 0 days later,Transfered,2023-01-23 23:50:33.000,efVnNQKXYAg3FL3Sw1ye3XBF9CRStSX5SVKQ8wQhMwUea1z465L5m8Q9pJC2XqLvpd9gjT5UVp824Dod9CzQxhr,CxegPrfn2ge5dNiQberUrQJkHCcimeR4VXkeawcFBBka,to G6bwK22tQZwv6zfQXNehuA4rFJRVNxqZW2dr7MGGSfSN,USDC,142500,142520.41
0,Exploiter Transfered 191089.26DAI from 3m15qNJDM5zydsYNJzkFYXE7iGCVnkKz1mrmbawrDUAH worth 191063.2USD 0 days later,Transfered,2023-01-23 23:51:10.000,22C553Vj6NPYgNFrrzViLEk3FF3iDAzLCTknaMXCQyAWt1A58tEsUrtXMoJ2BiCfy6Vf8T2RqEqhZhfuJjirCmij,CxegPrfn2ge5dNiQberUrQJkHCcimeR4VXkeawcFBBka,from 3m15qNJDM5zydsYNJzkFYXE7iGCVnkKz1mrmbawrDUAH,DAI,191089.26,191063.2
0,Exploiter Transfered 200000USDC to 3m15qNJDM5zydsYNJzkFYXE7iGCVnkKz1mrmbawrDUAH worth 200028.64USD 0 days later,Transfered,2023-01-23 23:51:10.000,22C553Vj6NPYgNFrrzViLEk3FF3iDAzLCTknaMXCQyAWt1A58tEsUrtXMoJ2BiCfy6Vf8T2RqEqhZhfuJjirCmij,CxegPrfn2ge5dNiQberUrQJkHCcimeR4VXkeawcFBBka,to 3m15qNJDM5zydsYNJzkFYXE7iGCVnkKz1mrmbawrDUAH,USDC,200000,200028.64
0,Exploiter Transfered 1445651.39USDC to AuZrspySopxfZUiXY6YxDyfS211KvXLe197kj3M2cLpq worth 1445858.44USD 0 days later,Transfered,2023-01-23 23:53:43.000,tRU8MUTVBoL33V3v4md5E3RuXqxPSc5So1HwFyHp7pFGYvUf9T8rJGyb3LqmWBPmdjXaWzNc941g7AzevEJdby7,CxegPrfn2ge5dNiQberUrQJkHCcimeR4VXkeawcFBBka,to AuZrspySopxfZUiXY6YxDyfS211KvXLe197kj3M2cLpq,USDC,1445651.39,1445858.44
0,Exploiter Transfered 1445651.39USDC from AuZrspySopxfZUiXY6YxDyfS211KvXLe197kj3M2cLpq worth 1445858.44USD 0 days later,Transfered,2023-01-23 23:55:40.000,3ZbZ1JptRk52irYX698me8Nea34M3ddfgbKPBKe5J5wBXwWLbjrzZKUGZ7n5o38aEdXY7SnpmS67gKzCvSXu3i6L,CxegPrfn2ge5dNiQberUrQJkHCcimeR4VXkeawcFBBka,from AuZrspySopxfZUiXY6YxDyfS211KvXLe197kj3M2cLpq,USDC,1445651.39,1445858.44
0,Exploiter Transfered 603700.84USDCET to AuZrspySopxfZUiXY6YxDyfS211KvXLe197kj3M2cLpq worth 608697.14USD 0 days later,Transfered,2023-01-23 23:56:05.000,5LNegZCoZ5BLRykzKXAAUD3GfTD5zSofPdCXgXcN2zJJsQynxpux1zMeformNagTEW7PNSD2DyweAApQhvVH35iY,CxegPrfn2ge5dNiQberUrQJkHCcimeR4VXkeawcFBBka,to AuZrspySopxfZUiXY6YxDyfS211KvXLe197kj3M2cLpq,USDCET,603700.84,608697.14
0,Exploiter Transfered 149.37ETH to AuZrspySopxfZUiXY6YxDyfS211KvXLe197kj3M2cLpq worth 242570.19USD 0 days later,Transfered,2023-01-23 23:56:24.000,2CL2D9hbk2626iH4S5Wd5GdkUxsknBeT3zZdfG33wQih3Dx5UG6Cf1eWMFRsz16Tjp12SbhgwDJxyZfScNgg5oiG,CxegPrfn2ge5dNiQberUrQJkHCcimeR4VXkeawcFBBka,to AuZrspySopxfZUiXY6YxDyfS211KvXLe197kj3M2cLpq,ETH,149.37,242570.19
1,Exploiter Transfered 1FRONK from HV7zveTB5dBxZrJPe64KQStZPrbyQw821sA6XwrKtzGb worth 0USD 1 days later,Transfered,2023-01-24 00:00:12.000,5RKbTHQmtPhv7sv94fHkiE7c2ryXTLo5KdY2jek3fN1zPytKHLRNb7BEsZ2GYg3Pxbh9sGvpX3f568PtCeAb9UBu,CxegPrfn2ge5dNiQberUrQJkHCcimeR4VXkeawcFBBka,from HV7zveTB5dBxZrJPe64KQStZPrbyQw821sA6XwrKtzGb,FRONK,1,0
0,Exploiter Transfered 557667.49USDTET to AuZrspySopxfZUiXY6YxDyfS211KvXLe197kj3M2cLpq worth 558578.74USD 0 days later,Transfered,2023-01-24 00:05:50.000,2xdWAdKz6duqeWc8agPEWTL2kmTM6ZC7SqUePjMvpyJ1NxJUkvr1jhy8ja3B1hCC7uswCxNhZcuKXpYGCqbf5nDv,CxegPrfn2ge5dNiQberUrQJkHCcimeR4VXkeawcFBBka,to AuZrspySopxfZUiXY6YxDyfS211KvXLe197kj3M2cLpq,USDTET,557667.49,558578.74
0,Exploiter Transfered 548907.12DAI to AuZrspySopxfZUiXY6YxDyfS211KvXLe197kj3M2cLpq worth 548749.68USD 0 days later,Transfered,2023-01-24 00:06:16.000,4oTqPT8hthFYSkCX6H7q9Y4DYXFi4rC6J66n2uAaVTpTbvrUhpRLELvZEZbYdEP1CwdQnXEbrKjNaW7GkqpqzwtW,CxegPrfn2ge5dNiQberUrQJkHCcimeR4VXkeawcFBBka,to AuZrspySopxfZUiXY6YxDyfS211KvXLe197kj3M2cLpq,DAI,548907.12,548749.68
0,Exploiter Transfered 391275.9USDCET from 3m15qNJDM5zydsYNJzkFYXE7iGCVnkKz1mrmbawrDUAH worth 395597.58USD 0 days later,Transfered,2023-01-24 00:15:49.000,67KNcq2Q4r5dxGnPxYKyGriWMoxRwEyrZeHYnDz8MzREqcv2sMad9PtkxoS5RjtxgjJHcvd8ihtjMw9YhpDYcyRL,CxegPrfn2ge5dNiQberUrQJkHCcimeR4VXkeawcFBBka,from 3m15qNJDM5zydsYNJzkFYXE7iGCVnkKz1mrmbawrDUAH,USDCET,391275.9,395597.58
0,Exploiter Transfered 18921.7USDCET from 7XFMgfxhDURuaPwhUkXAy6uQJCoC3HPpjiZBqcot57Ge worth 19130.69USD 0 days later,Transfered,2023-01-24 00:15:49.000,67KNcq2Q4r5dxGnPxYKyGriWMoxRwEyrZeHYnDz8MzREqcv2sMad9PtkxoS5RjtxgjJHcvd8ihtjMw9YhpDYcyRL,CxegPrfn2ge5dNiQberUrQJkHCcimeR4VXkeawcFBBka,from 7XFMgfxhDURuaPwhUkXAy6uQJCoC3HPpjiZBqcot57Ge,USDCET,18921.7,19130.69
0,Exploiter Transfered 399000USDC to 3m15qNJDM5zydsYNJzkFYXE7iGCVnkKz1mrmbawrDUAH worth 399224.43USD 0 days later,Transfered,2023-01-24 00:15:49.000,67KNcq2Q4r5dxGnPxYKyGriWMoxRwEyrZeHYnDz8MzREqcv2sMad9PtkxoS5RjtxgjJHcvd8ihtjMw9YhpDYcyRL,CxegPrfn2ge5dNiQberUrQJkHCcimeR4VXkeawcFBBka,to 3m15qNJDM5zydsYNJzkFYXE7iGCVnkKz1mrmbawrDUAH,USDC,399000,399224.43
0,Exploiter Transfered 21000USDC to 7XFMgfxhDURuaPwhUkXAy6uQJCoC3HPpjiZBqcot57Ge worth 21011.81USD 0 days later,Transfered,2023-01-24 00:15:49.000,67KNcq2Q4r5dxGnPxYKyGriWMoxRwEyrZeHYnDz8MzREqcv2sMad9PtkxoS5RjtxgjJHcvd8ihtjMw9YhpDYcyRL,CxegPrfn2ge5dNiQberUrQJkHCcimeR4VXkeawcFBBka,to 7XFMgfxhDURuaPwhUkXAy6uQJCoC3HPpjiZBqcot57Ge,USDC,21000,21011.81
0,Exploiter Transfered 410197.6USDCET to AuZrspySopxfZUiXY6YxDyfS211KvXLe197kj3M2cLpq worth 414728.27USD 0 days later,Transfered,2023-01-24 00:16:43.000,55pat5y8F2kEPWnp7H67AHWfNJanY9f1c5ks98pGjtTvZCjGFhZGQ9vfJSACAfT3AejA7QH6a9TrnNmDM8ATMwda,CxegPrfn2ge5dNiQberUrQJkHCcimeR4VXkeawcFBBka,to AuZrspySopxfZUiXY6YxDyfS211KvXLe197kj3M2cLpq,USDCET,410197.6,414728.27
0,Exploiter Transfered 100685.37USDTET from 3m15qNJDM5zydsYNJzkFYXE7iGCVnkKz1mrmbawrDUAH worth 100849.89USD 0 days later,Transfered,2023-01-24 00:17:03.000,HUa6QUB6Jh1ChwTxxkAmMXMY6aWnQWjc8WZR5JKwwj9Ai9iMaVuYptLNy4D7mELedpJQHrjs9EXQieWQdTkPAbv,CxegPrfn2ge5dNiQberUrQJkHCcimeR4VXkeawcFBBka,from 3m15qNJDM5zydsYNJzkFYXE7iGCVnkKz1mrmbawrDUAH,USDTET,100685.37,100849.89
0,Exploiter Transfered 110000USDC to 3m15qNJDM5zydsYNJzkFYXE7iGCVnkKz1mrmbawrDUAH worth 110061.87USD 0 days later,Transfered,2023-01-24 00:17:03.000,HUa6QUB6Jh1ChwTxxkAmMXMY6aWnQWjc8WZR5JKwwj9Ai9iMaVuYptLNy4D7mELedpJQHrjs9EXQieWQdTkPAbv,CxegPrfn2ge5dNiQberUrQJkHCcimeR4VXkeawcFBBka,to 3m15qNJDM5zydsYNJzkFYXE7iGCVnkKz1mrmbawrDUAH,USDC,110000,110061.87
0,Exploiter Transfered 107432.84DAI from 3m15qNJDM5zydsYNJzkFYXE7iGCVnkKz1mrmbawrDUAH worth 107402.02USD 0 days later,Transfered,2023-01-24 00:19:36.000,ri26Qb5eQFnVmHe6EcMDedAxmT3nPbPXxbBmrcsBgFXYb9v3ggu2MMf1wcDdG4oSJcn5aMdHnsxomFcXchbM7KS,CxegPrfn2ge5dNiQberUrQJkHCcimeR4VXkeawcFBBka,from 3m15qNJDM5zydsYNJzkFYXE7iGCVnkKz1mrmbawrDUAH,DAI,107432.84,107402.02
0,Exploiter Transfered 110000USDC to 3m15qNJDM5zydsYNJzkFYXE7iGCVnkKz1mrmbawrDUAH worth 110061.87USD 0 days later,Transfered,2023-01-24 00:19:36.000,ri26Qb5eQFnVmHe6EcMDedAxmT3nPbPXxbBmrcsBgFXYb9v3ggu2MMf1wcDdG4oSJcn5aMdHnsxomFcXchbM7KS,CxegPrfn2ge5dNiQberUrQJkHCcimeR4VXkeawcFBBka,to 3m15qNJDM5zydsYNJzkFYXE7iGCVnkKz1mrmbawrDUAH,USDC,110000,110061.87
0,Exploiter Transfered 65.95ETH from G6bwK22tQZwv6zfQXNehuA4rFJRVNxqZW2dr7MGGSfSN worth 106894.45USD 0 days later,Transfered,2023-01-24 00:20:16.000,wgk1fksS9dCPLaYUJ7FxSgXyz8zamPPQZR8YRsG3PscBwFGLARvGkdbpTuapLB2cE4U2E4YaNGPbdTFgpfLGYmh,CxegPrfn2ge5dNiQberUrQJkHCcimeR4VXkeawcFBBka,from G6bwK22tQZwv6zfQXNehuA4rFJRVNxqZW2dr7MGGSfSN,ETH,65.95,106894.45
0,Exploiter Transfered 110000USDC to G6bwK22tQZwv6zfQXNehuA4rFJRVNxqZW2dr7MGGSfSN worth 110061.87USD 0 days later,Transfered,2023-01-24 00:20:16.000,wgk1fksS9dCPLaYUJ7FxSgXyz8zamPPQZR8YRsG3PscBwFGLARvGkdbpTuapLB2cE4U2E4YaNGPbdTFgpfLGYmh,CxegPrfn2ge5dNiQberUrQJkHCcimeR4VXkeawcFBBka,to G6bwK22tQZwv6zfQXNehuA4rFJRVNxqZW2dr7MGGSfSN,USDC,110000,110061.87
0,Exploiter Transfered 0.06USDC from G6bwK22tQZwv6zfQXNehuA4rFJRVNxqZW2dr7MGGSfSN worth 0.06USD 0 days later,Transfered,2023-01-24 00:20:16.000,wgk1fksS9dCPLaYUJ7FxSgXyz8zamPPQZR8YRsG3PscBwFGLARvGkdbpTuapLB2cE4U2E4YaNGPbdTFgpfLGYmh,CxegPrfn2ge5dNiQberUrQJkHCcimeR4VXkeawcFBBka,from G6bwK22tQZwv6zfQXNehuA4rFJRVNxqZW2dr7MGGSfSN,USDC,0.06,0.06
0,Exploiter Transfered 65.95ETH to AuZrspySopxfZUiXY6YxDyfS211KvXLe197kj3M2cLpq worth 106894.45USD 0 days later,Transfered,2023-01-24 00:22:05.000,444XpNWuBN4LiCy7EnRapTFNzVCAJ9Q1xbE2KtiweyP3n8kA5egqE6WXhMSEUpavHsYAdo7bD8KjjCD9FXJeAqZo,CxegPrfn2ge5dNiQberUrQJkHCcimeR4VXkeawcFBBka,to AuZrspySopxfZUiXY6YxDyfS211KvXLe197kj3M2cLpq,ETH,65.95,106894.45
0,Exploiter Transfered 107432.84DAI to AuZrspySopxfZUiXY6YxDyfS211KvXLe197kj3M2cLpq worth 107402.02USD 0 days later,Transfered,2023-01-24 00:22:34.000,4vesdaT4X3TRbLJ9xrY7pGWMGjpqeY4oEzGwhZQvkLmJkyUqSzwTRWz4ozxrBv2Gez1NumhEEJfSzFctSScAJ2mT,CxegPrfn2ge5dNiQberUrQJkHCcimeR4VXkeawcFBBka,to AuZrspySopxfZUiXY6YxDyfS211KvXLe197kj3M2cLpq,DAI,107432.84,107402.02
0,Exploiter Transfered 175654.16USDCET from 3m15qNJDM5zydsYNJzkFYXE7iGCVnkKz1mrmbawrDUAH worth 177594.28USD 0 days later,Transfered,2023-01-24 00:23:34.000,5HKyoRs73VRgJVpJUvRj22rpQMp3mqtcd9WeGWkZWBqkDqHc83SjLzviuaYUSth9BFMaTzBVXhKeSSenXrHYNjxx,CxegPrfn2ge5dNiQberUrQJkHCcimeR4VXkeawcFBBka,from 3m15qNJDM5zydsYNJzkFYXE7iGCVnkKz1mrmbawrDUAH,USDCET,175654.16,177594.28
0,Exploiter Transfered 180000USDC to 3m15qNJDM5zydsYNJzkFYXE7iGCVnkKz1mrmbawrDUAH worth 180101.25USD 0 days later,Transfered,2023-01-24 00:23:34.000,5HKyoRs73VRgJVpJUvRj22rpQMp3mqtcd9WeGWkZWBqkDqHc83SjLzviuaYUSth9BFMaTzBVXhKeSSenXrHYNjxx,CxegPrfn2ge5dNiQberUrQJkHCcimeR4VXkeawcFBBka,to 3m15qNJDM5zydsYNJzkFYXE7iGCVnkKz1mrmbawrDUAH,USDC,180000,180101.25
0,Exploiter Transfered 57214.09USDTET from 3m15qNJDM5zydsYNJzkFYXE7iGCVnkKz1mrmbawrDUAH worth 57307.58USD 0 days later,Transfered,2023-01-24 00:24:19.000,627M3chzFe8JjLiZ4a6KrcHuZXKXKkzhQsYJWgVSBtE48nfaRdrpbiC2qWXk7q7VCwqXbBfxmUE8nBhrQcqkcWjF,CxegPrfn2ge5dNiQberUrQJkHCcimeR4VXkeawcFBBka,from 3m15qNJDM5zydsYNJzkFYXE7iGCVnkKz1mrmbawrDUAH,USDTET,57214.09,57307.58
0,Exploiter Transfered 60000USDC to 3m15qNJDM5zydsYNJzkFYXE7iGCVnkKz1mrmbawrDUAH worth 60033.75USD 0 days later,Transfered,2023-01-24 00:24:19.000,627M3chzFe8JjLiZ4a6KrcHuZXKXKkzhQsYJWgVSBtE48nfaRdrpbiC2qWXk7q7VCwqXbBfxmUE8nBhrQcqkcWjF,CxegPrfn2ge5dNiQberUrQJkHCcimeR4VXkeawcFBBka,to 3m15qNJDM5zydsYNJzkFYXE7iGCVnkKz1mrmbawrDUAH,USDC,60000,60033.75
0,Exploiter Transfered 70000USDC to 3m15qNJDM5zydsYNJzkFYXE7iGCVnkKz1mrmbawrDUAH worth 70039.37USD 0 days later,Transfered,2023-01-24 00:24:48.000,3ys9hmZbSeV3kD2sWVSAGfnCZxLexBZxPxXhSBNkWahRZGn76ud1w55SVMhmUpHsdT39hsUfHGCy8JtZwnepUqyH,CxegPrfn2ge5dNiQberUrQJkHCcimeR4VXkeawcFBBka,to 3m15qNJDM5zydsYNJzkFYXE7iGCVnkKz1mrmbawrDUAH,USDC,70000,70039.37
0,Exploiter Transfered 68166.88DAI from 3m15qNJDM5zydsYNJzkFYXE7iGCVnkKz1mrmbawrDUAH worth 68147.32USD 0 days later,Transfered,2023-01-24 00:24:48.000,3ys9hmZbSeV3kD2sWVSAGfnCZxLexBZxPxXhSBNkWahRZGn76ud1w55SVMhmUpHsdT39hsUfHGCy8JtZwnepUqyH,CxegPrfn2ge5dNiQberUrQJkHCcimeR4VXkeawcFBBka,from 3m15qNJDM5zydsYNJzkFYXE7iGCVnkKz1mrmbawrDUAH,DAI,68166.88,68147.32
0,Exploiter Transfered 175654.16USDCET to AuZrspySopxfZUiXY6YxDyfS211KvXLe197kj3M2cLpq worth 177594.28USD 0 days later,Transfered,2023-01-24 00:25:17.000,2YWUxaWJihAfRYXHUjnuzsqwEMoZNQ8SgTUeqfASfcsdEH2SXEhK3iKU7kWAqPhKEQ82jZV8JoGGUbAvaav9jgMT,CxegPrfn2ge5dNiQberUrQJkHCcimeR4VXkeawcFBBka,to AuZrspySopxfZUiXY6YxDyfS211KvXLe197kj3M2cLpq,USDCET,175654.16,177594.28
0,Exploiter Transfered 68166.88DAI to AuZrspySopxfZUiXY6YxDyfS211KvXLe197kj3M2cLpq worth 68147.32USD 0 days later,Transfered,2023-01-24 00:25:28.000,4bCT6xsxP7335mcg2qJcH1NjfL4nxyz5oAsV6bFM4BBJyr3EyJS9BmWeQuuu8cgiwaSXFEYAKSQqtoU1GEacQJVb,CxegPrfn2ge5dNiQberUrQJkHCcimeR4VXkeawcFBBka,to AuZrspySopxfZUiXY6YxDyfS211KvXLe197kj3M2cLpq,DAI,68166.88,68147.32
0,Exploiter Transfered 67969.83DAI from 3m15qNJDM5zydsYNJzkFYXE7iGCVnkKz1mrmbawrDUAH worth 67950.33USD 0 days later,Transfered,2023-01-24 00:26:26.000,3PrpLqHqz4qwSWR44wVTamitQad46MEsU4NDfgFayfry5XYYgRc2W8b66fL7JTzysbozu3kZhmaSMqdLkg6vLXhV,CxegPrfn2ge5dNiQberUrQJkHCcimeR4VXkeawcFBBka,from 3m15qNJDM5zydsYNJzkFYXE7iGCVnkKz1mrmbawrDUAH,DAI,67969.83,67950.33
0,Exploiter Transfered 70000USDC to 3m15qNJDM5zydsYNJzkFYXE7iGCVnkKz1mrmbawrDUAH worth 70039.37USD 0 days later,Transfered,2023-01-24 00:26:26.000,3PrpLqHqz4qwSWR44wVTamitQad46MEsU4NDfgFayfry5XYYgRc2W8b66fL7JTzysbozu3kZhmaSMqdLkg6vLXhV,CxegPrfn2ge5dNiQberUrQJkHCcimeR4VXkeawcFBBka,to 3m15qNJDM5zydsYNJzkFYXE7iGCVnkKz1mrmbawrDUAH,USDC,70000,70039.37
0,Exploiter Transfered 64050.14DAI from 3m15qNJDM5zydsYNJzkFYXE7iGCVnkKz1mrmbawrDUAH worth 64031.77USD 0 days later,Transfered,2023-01-24 00:27:23.000,QstCTfMxZFMyYNLShttVkkeqRRYVo3hqY6khL18v8GC6xq1BYzuqkHtpmorerDjGyZxJbwM7PpXsNV2ZNESQiHU,CxegPrfn2ge5dNiQberUrQJkHCcimeR4VXkeawcFBBka,from 3m15qNJDM5zydsYNJzkFYXE7iGCVnkKz1mrmbawrDUAH,DAI,64050.14,64031.77
0,Exploiter Transfered 70000USDC to 3m15qNJDM5zydsYNJzkFYXE7iGCVnkKz1mrmbawrDUAH worth 70039.37USD 0 days later,Transfered,2023-01-24 00:27:23.000,QstCTfMxZFMyYNLShttVkkeqRRYVo3hqY6khL18v8GC6xq1BYzuqkHtpmorerDjGyZxJbwM7PpXsNV2ZNESQiHU,CxegPrfn2ge5dNiQberUrQJkHCcimeR4VXkeawcFBBka,to 3m15qNJDM5zydsYNJzkFYXE7iGCVnkKz1mrmbawrDUAH,USDC,70000,70039.37
0,Exploiter Transfered 157899.45USDTET to AuZrspySopxfZUiXY6YxDyfS211KvXLe197kj3M2cLpq worth 158157.46USD 0 days later,Transfered,2023-01-24 00:27:30.000,ykfzhqf8caTnTH5J9RE8EuXyier5KYGRB7xLAzTQJAMW5fyPjpwVpXMkXLz3qsJCP9o45JLGidepzxZHrZDHjCZ,CxegPrfn2ge5dNiQberUrQJkHCcimeR4VXkeawcFBBka,to AuZrspySopxfZUiXY6YxDyfS211KvXLe197kj3M2cLpq,USDTET,157899.45,158157.46
0,Exploiter Transfered 132019.97DAI to AuZrspySopxfZUiXY6YxDyfS211KvXLe197kj3M2cLpq worth 131982.1USD 0 days later,Transfered,2023-01-24 00:29:38.000,56L58zhxaLtgbjVYxFytryiD997THNFKAScmyST8PT3jtVHxcgj2T5Xqprybpf9pGmMpKkxspgGuDzu4SrzdnAPW,CxegPrfn2ge5dNiQberUrQJkHCcimeR4VXkeawcFBBka,to AuZrspySopxfZUiXY6YxDyfS211KvXLe197kj3M2cLpq,DAI,132019.97,131982.1
0,Exploiter Transfered 100651.45USDC to 3m15qNJDM5zydsYNJzkFYXE7iGCVnkKz1mrmbawrDUAH worth 100708.07USD 0 days later,Transfered,2023-01-24 00:31:30.000,Tf9jp8ohJoMpoDX5i2uUYGdgoj1QA6nyg2ErxLzp4jxswQHByMdAGEuX8KUDpGF8Hbgv3XGEgnbKtNrkgbBSKoB,CxegPrfn2ge5dNiQberUrQJkHCcimeR4VXkeawcFBBka,to 3m15qNJDM5zydsYNJzkFYXE7iGCVnkKz1mrmbawrDUAH,USDC,100651.45,100708.07
0,Exploiter Transfered 92958.13USDCET from 3m15qNJDM5zydsYNJzkFYXE7iGCVnkKz1mrmbawrDUAH worth 93984.87USD 0 days later,Transfered,2023-01-24 00:31:30.000,Tf9jp8ohJoMpoDX5i2uUYGdgoj1QA6nyg2ErxLzp4jxswQHByMdAGEuX8KUDpGF8Hbgv3XGEgnbKtNrkgbBSKoB,CxegPrfn2ge5dNiQberUrQJkHCcimeR4VXkeawcFBBka,from 3m15qNJDM5zydsYNJzkFYXE7iGCVnkKz1mrmbawrDUAH,USDCET,92958.13,93984.87
0,Exploiter Transfered 100245.86USDTET from 3m15qNJDM5zydsYNJzkFYXE7iGCVnkKz1mrmbawrDUAH worth 100409.67USD 0 days later,Transfered,2023-01-24 00:32:21.000,3Wa2K7vH3AbzrsbmRgFDW7KW32VBNUFgr8o2GPeW9nimHChPUo6A5LRMzrhgbJ9TQXWVsobZbs4BFrLwDESQ6HfE,CxegPrfn2ge5dNiQberUrQJkHCcimeR4VXkeawcFBBka,from 3m15qNJDM5zydsYNJzkFYXE7iGCVnkKz1mrmbawrDUAH,USDTET,100245.86,100409.67
0,Exploiter Transfered 110000USDC to 3m15qNJDM5zydsYNJzkFYXE7iGCVnkKz1mrmbawrDUAH worth 110061.87USD 0 days later,Transfered,2023-01-24 00:32:21.000,3Wa2K7vH3AbzrsbmRgFDW7KW32VBNUFgr8o2GPeW9nimHChPUo6A5LRMzrhgbJ9TQXWVsobZbs4BFrLwDESQ6HfE,CxegPrfn2ge5dNiQberUrQJkHCcimeR4VXkeawcFBBka,to 3m15qNJDM5zydsYNJzkFYXE7iGCVnkKz1mrmbawrDUAH,USDC,110000,110061.87
0,Exploiter Transfered 21.16ETH from G6bwK22tQZwv6zfQXNehuA4rFJRVNxqZW2dr7MGGSfSN worth 34289.25USD 0 days later,Transfered,2023-01-24 00:32:36.000,2r9sSjzWcnniDQmpUprHUxaRSeGwaELh9DMwi9xirsW1U1AZmyqK1L9QELqQYerXfyQW4kiE3PCoBbLUV1CYt1FL,CxegPrfn2ge5dNiQberUrQJkHCcimeR4VXkeawcFBBka,from G6bwK22tQZwv6zfQXNehuA4rFJRVNxqZW2dr7MGGSfSN,ETH,21.16,34289.25
0,Exploiter Transfered 0.15USDC from G6bwK22tQZwv6zfQXNehuA4rFJRVNxqZW2dr7MGGSfSN worth 0.15USD 0 days later,Transfered,2023-01-24 00:32:36.000,2r9sSjzWcnniDQmpUprHUxaRSeGwaELh9DMwi9xirsW1U1AZmyqK1L9QELqQYerXfyQW4kiE3PCoBbLUV1CYt1FL,CxegPrfn2ge5dNiQberUrQJkHCcimeR4VXkeawcFBBka,from G6bwK22tQZwv6zfQXNehuA4rFJRVNxqZW2dr7MGGSfSN,USDC,0.15,0.15
0,Exploiter Transfered 35000USDC to G6bwK22tQZwv6zfQXNehuA4rFJRVNxqZW2dr7MGGSfSN worth 35019.69USD 0 days later,Transfered,2023-01-24 00:32:36.000,2r9sSjzWcnniDQmpUprHUxaRSeGwaELh9DMwi9xirsW1U1AZmyqK1L9QELqQYerXfyQW4kiE3PCoBbLUV1CYt1FL,CxegPrfn2ge5dNiQberUrQJkHCcimeR4VXkeawcFBBka,to G6bwK22tQZwv6zfQXNehuA4rFJRVNxqZW2dr7MGGSfSN,USDC,35000,35019.69
0,Exploiter Transfered 100245.86USDTET to AuZrspySopxfZUiXY6YxDyfS211KvXLe197kj3M2cLpq worth 100409.67USD 0 days later,Transfered,2023-01-24 00:33:28.000,2LsJLFRopsAWRHUNEYyz2JASLzCPQfs3fytossKW9XhPqRpynzoHmo8WV1V1PRyrjcy7VXDrQMFb9fX9Xjhso827,CxegPrfn2ge5dNiQberUrQJkHCcimeR4VXkeawcFBBka,to AuZrspySopxfZUiXY6YxDyfS211KvXLe197kj3M2cLpq,USDTET,100245.86,100409.67
0,Exploiter Transfered 92958.13USDCET to AuZrspySopxfZUiXY6YxDyfS211KvXLe197kj3M2cLpq worth 93984.87USD 0 days later,Transfered,2023-01-24 00:33:41.000,xmkb1DXVpHsthUUBymqaDUuBw4K3UJL76wTAYu2ntFpwKueoCmTQJPLWTURooy31ifqrGMoJYApRMmemQSX2env,CxegPrfn2ge5dNiQberUrQJkHCcimeR4VXkeawcFBBka,to AuZrspySopxfZUiXY6YxDyfS211KvXLe197kj3M2cLpq,USDCET,92958.13,93984.87
0,Exploiter Transfered 21.16ETH to AuZrspySopxfZUiXY6YxDyfS211KvXLe197kj3M2cLpq worth 34289.25USD 0 days later,Transfered,2023-01-24 00:33:54.000,jXJ9LCGAhG67RicNVJPnmBnAHoBsJyvjguXrxK8UHEduBqFDTGxcZLYhKjt4fnUuGUXZmD2csWct5in1aaCWh2N,CxegPrfn2ge5dNiQberUrQJkHCcimeR4VXkeawcFBBka,to AuZrspySopxfZUiXY6YxDyfS211KvXLe197kj3M2cLpq,ETH,21.16,34289.25
0,Exploiter Transfered 2000SOL to CTz5UMLQm2SRWHzQnU62Pi4yJqbNGjgRBHqqp6oDHfF7 worth 49032.66USD 0 days later,Transfered,2023-01-24 00:36:34.000,wwVYm5RejmEm2o5AUgNATkFAU7x67xnB6fLKNJGSnUkCa43MbQqKFwNaSm14Qqpr7NFcMmb9st1gy9pYxqitbsh,CxegPrfn2ge5dNiQberUrQJkHCcimeR4VXkeawcFBBka,to CTz5UMLQm2SRWHzQnU62Pi4yJqbNGjgRBHqqp6oDHfF7,SOL,2000,49032.66
0,Exploiter Transfered 48552.97USDC from CTz5UMLQm2SRWHzQnU62Pi4yJqbNGjgRBHqqp6oDHfF7 worth 48580.28USD 0 days later,Transfered,2023-01-24 00:36:34.000,wwVYm5RejmEm2o5AUgNATkFAU7x67xnB6fLKNJGSnUkCa43MbQqKFwNaSm14Qqpr7NFcMmb9st1gy9pYxqitbsh,CxegPrfn2ge5dNiQberUrQJkHCcimeR4VXkeawcFBBka,from CTz5UMLQm2SRWHzQnU62Pi4yJqbNGjgRBHqqp6oDHfF7,USDC,48552.97,48580.28
0,Exploiter Transfered 48552.97USDC to 3m15qNJDM5zydsYNJzkFYXE7iGCVnkKz1mrmbawrDUAH worth 48580.28USD 0 days later,Transfered,2023-01-24 00:36:34.000,wwVYm5RejmEm2o5AUgNATkFAU7x67xnB6fLKNJGSnUkCa43MbQqKFwNaSm14Qqpr7NFcMmb9st1gy9pYxqitbsh,CxegPrfn2ge5dNiQberUrQJkHCcimeR4VXkeawcFBBka,to 3m15qNJDM5zydsYNJzkFYXE7iGCVnkKz1mrmbawrDUAH,USDC,48552.97,48580.28
0,Exploiter Transfered 45276.03USDCET from 3m15qNJDM5zydsYNJzkFYXE7iGCVnkKz1mrmbawrDUAH worth 45776.11USD 0 days later,Transfered,2023-01-24 00:36:34.000,wwVYm5RejmEm2o5AUgNATkFAU7x67xnB6fLKNJGSnUkCa43MbQqKFwNaSm14Qqpr7NFcMmb9st1gy9pYxqitbsh,CxegPrfn2ge5dNiQberUrQJkHCcimeR4VXkeawcFBBka,from 3m15qNJDM5zydsYNJzkFYXE7iGCVnkKz1mrmbawrDUAH,USDCET,45276.03,45776.11
0,Exploiter Transfered 45276.03USDCET to AuZrspySopxfZUiXY6YxDyfS211KvXLe197kj3M2cLpq worth 45776.11USD 0 days later,Transfered,2023-01-24 00:38:30.000,4WD2FoP8mimqZhZ1FQwVYvS2cEbasm4uXbqXiMQcnGjWPA16LPwvSzH1smdmzEwTYupLBMSpDV3ys8jFrq1aAFPV,CxegPrfn2ge5dNiQberUrQJkHCcimeR4VXkeawcFBBka,to AuZrspySopxfZUiXY6YxDyfS211KvXLe197kj3M2cLpq,USDCET,45276.03,45776.11
17,Exploiter Transfered 213.58USDT to EAUwikTgqeHKJMaqDj17Cwb6TH3XzcXbxHSN7etGzMFt worth 213.74USD 17 days later,Transfered,2023-02-10 17:26:38.000,49atzXhW4gv78LC5Jdsd7QpyvteLiQoKR6Da9FvRFiwRHKtG5ZrRTUK9LMRd5dctRyU1xnJ8UVL1S7vRpSL9mTwW,CxegPrfn2ge5dNiQberUrQJkHCcimeR4VXkeawcFBBka,to EAUwikTgqeHKJMaqDj17Cwb6TH3XzcXbxHSN7etGzMFt,USDT,213.58,213.74
﻿