DATE1,TIMEFRAME,LOW,HIGH,OPEN,CLOSE
2025-04-23 00:00:00.000,After_hack,6.013882363,6.047732107,6.013882363,6.047732107
2025-04-22 00:00:00.000,After_hack,5.596254083,6.013882363,5.900056141,6.013882363
2025-04-21 00:00:00.000,After_hack,5.881421092,5.900056141,5.881421092,5.900056141
2025-04-20 00:00:00.000,After_hack,5.742354371,5.881421092,5.742354371,5.881421092
2025-04-19 00:00:00.000,After_hack,5.677091405,5.742354371,5.722953236,5.742354371
2025-04-18 00:00:00.000,After_hack,5.631142432,5.862834648,5.862834648,5.722953236
2025-04-17 00:00:00.000,After_hack,5.844311556,5.862834648,5.85552671,5.862834648
2025-04-16 00:00:00.000,After_hack,5.852728978,5.906217664,5.852728978,5.858135068
2025-04-15 00:00:00.000,After_hack,5.852728978,5.910444163,5.893759661,5.852728978
2025-04-14 00:00:00.000,After_hack,5.718908615,5.894659351,5.718908615,5.894659351
2025-04-13 00:00:00.000,After_hack,5.560915162,5.778412997,5.778412997,5.70588069
2025-04-12 00:00:00.000,After_hack,5.784646803,5.928152813,5.901547611,5.784646803
2025-04-11 00:00:00.000,After_hack,5.623569676,6.24791426,6.24791426,5.867120584
2025-04-10 00:00:00.000,After_hack,6.24791426,6.452026921,6.443434264,6.24791426
2025-04-09 00:00:00.000,After_hack,6.09699413,6.462049938,6.09699413,6.462049938
2025-04-08 00:00:00.000,After_hack,5.958749839,6.098768835,6.020698029,6.098615611
2025-04-07 00:00:00.000,After_hack,5.451008227,6.563812566,6.550477413,6.008795619
2025-04-06 00:00:00.000,After_hack,6.604485546,6.736760495,6.604540763,6.735917297
2025-04-05 00:00:00.000,After_hack,6.556903569,6.604719124,6.556903569,6.604540763
2025-04-04 00:00:00.000,After_hack,6.355586315,6.636552881,6.608281439,6.556903569
2025-04-03 00:00:00.000,After_hack,6.520773006,6.781375256,6.781375256,6.608281439
2025-04-02 00:00:00.000,After_hack,6.724877059,6.803929948,6.728959671,6.781375256
2025-04-01 00:00:00.000,After_hack,6.766764627,7.246315852,7.0697351,6.818272235
2025-03-31 00:00:00.000,After_hack,7.0697351,7.374079065,7.374079065,7.0697351
2025-03-30 00:00:00.000,After_hack,6.441337734,7.467765383,6.458053034,7.467765383
2025-03-29 00:00:00.000,After_hack,6.344610201,6.452324933,6.438095382,6.452324933
2025-03-28 00:00:00.000,After_hack,6.159272006,6.469699984,6.34398644,6.246994274
2025-03-27 00:00:00.000,After_hack,5.988669831,6.452133134,6.051497754,6.34398644
2025-03-26 00:00:00.000,After_hack,5.930044451,6.430311982,6.430311982,6.051497754
2025-03-25 00:00:00.000,After_hack,6.100573703,6.48149421,6.100573703,6.48149421
2025-03-24 00:00:00.000,After_hack,5.625348383,6.100573703,5.625348383,6.100573703
2025-03-23 00:00:00.000,After_hack,5.513237635,5.625348383,5.513237635,5.625348383
2025-03-22 00:00:00.000,After_hack,5.513059142,5.513237635,5.513142419,5.513237635
2025-03-21 00:00:00.000,After_hack,5.513142419,5.579760621,5.526062345,5.513142419
2025-03-20 00:00:00.000,After_hack,5.45345508,5.561473611,5.471602053,5.526062345
2025-03-19 00:00:00.000,After_hack,5.471602053,5.503986909,5.503986909,5.471602053
2025-03-18 00:00:00.000,After_hack,5.503965837,5.579001231,5.577725968,5.503986909
2025-03-17 00:00:00.000,After_hack,5.512120795,5.579084098,5.512120795,5.579084098
2025-03-16 00:00:00.000,After_hack,5.50962797,5.580233351,5.514929515,5.50962797
2025-03-15 00:00:00.000,After_hack,5.513499876,5.582591881,5.513499876,5.514929515
2025-03-14 00:00:00.000,After_hack,5.513499876,5.660488807,5.660488807,5.513499876
2025-03-13 00:00:00.000,After_hack,5.635660574,5.660488807,5.636031747,5.660488807
2025-03-12 00:00:00.000,After_hack,5.624444214,5.682155243,5.667607436,5.636031747
2025-03-11 00:00:00.000,After_hack,5.473655934,5.733455236,5.732504737,5.667607436
2025-03-10 00:00:00.000,After_hack,5.73246147,5.954783303,5.954783303,5.73246147
2025-03-09 00:00:00.000,After_hack,5.711832179,5.954783303,5.712918532,5.954783303
2025-03-08 00:00:00.000,After_hack,5.563465572,5.713300245,5.636757117,5.713300245
2025-03-07 00:00:00.000,After_hack,5.61932194,5.682557134,5.682557134,5.636757117
2025-03-06 00:00:00.000,After_hack,5.589729537,5.699585051,5.589729537,5.682557134
2025-03-05 00:00:00.000,After_hack,5.472262457,5.589729537,5.473413244,5.589729537
2025-03-04 00:00:00.000,After_hack,5.473413244,5.689320857,5.689320857,5.473413244
2025-03-03 00:00:00.000,After_hack,5.6110877,5.75418579,5.611459183,5.698929545
2025-03-02 00:00:00.000,After_hack,5.285475019,5.502562437,5.285475019,5.502562437
2025-03-01 00:00:00.000,After_hack,5.285475019,5.296326046,5.296326046,5.285475019
2025-02-28 00:00:00.000,After_hack,5.296322727,5.361680013,5.361084331,5.296326046
2025-02-27 00:00:00.000,After_hack,5.300914819,5.367334683,5.324088547,5.361084331
2025-02-26 00:00:00.000,After_hack,5.221790173,5.359072457,5.221790173,5.323659479
2025-02-25 00:00:00.000,After_hack,5.076106064,5.297021642,5.169908368,5.282763161
2025-02-24 00:00:00.000,After_hack,5.169908368,5.235282594,5.235282594,5.169908368
2025-02-23 00:00:00.000,After_hack,5.113575613,5.207940682,5.113575613,5.172163708
2025-02-22 00:00:00.000,After_hack,5.113575613,5.295490426,5.198913951,5.113575613
2025-02-21 00:00:00.000,After_hack,5.101037051,5.234580643,5.171576694,5.198913951
2025-02-20 00:00:00.000,After_hack,5.110045971,5.276389948,5.276389948,5.171576694
2025-02-19 00:00:00.000,After_hack,5.21177402,5.49114316,5.49114316,5.276389948
2025-02-18 00:00:00.000,After_hack,5.195304649,5.697602258,5.495922942,5.362144438
2025-02-17 00:00:00.000,After_hack,5.483276111,5.691223094,5.56126661,5.495922942
2025-02-16 00:00:00.000,After_hack,5.511200734,5.911254581,5.911254581,5.56126661
2025-02-15 00:00:00.000,After_hack,5.646045954,5.85558158,5.853578635,5.646045954
2025-02-14 00:00:00.000,After_hack,5.853578635,5.96963588,5.96963588,5.853578635
2025-02-13 00:00:00.000,After_hack,5.737130403,6.015028959,5.737130403,5.96963588
2025-02-12 00:00:00.000,After_hack,5.736760108,5.806879671,5.736760108,5.737130403
2025-02-11 00:00:00.000,After_hack,5.482889116,5.81166992,5.482889116,5.736760108
2025-02-10 00:00:00.000,After_hack,5.40540648,5.557156204,5.42900147,5.482889116
2025-02-09 00:00:00.000,After_hack,5.42900147,5.773955714,5.638025142,5.42900147
2025-02-08 00:00:00.000,After_hack,5.676456029,5.827805798,5.815083672,5.676456029
2025-02-07 00:00:00.000,After_hack,5.692750676,5.966588364,5.966588364,5.757555006
2025-02-06 00:00:00.000,After_hack,5.829890168,6.810233799,6.810233799,5.918155763
2025-02-05 00:00:00.000,After_hack,6.726848501,7.086341911,6.863843304,6.726848501
2025-02-04 00:00:00.000,After_hack,6.504311067,6.865350047,6.517338384,6.865350047
2025-02-03 00:00:00.000,After_hack,5.7820009,6.54238889,6.150154177,6.517338384
2025-02-02 00:00:00.000,After_hack,6.029264167,6.623003512,6.395169945,6.150133487
2025-02-01 00:00:00.000,After_hack,6.366889531,7.143420074,7.031524675,6.366889531
2025-01-31 00:00:00.000,After_hack,6.369449996,7.739514959,7.420226688,7.158704668
2025-01-30 00:00:00.000,After_hack,6.281474581,7.36629646,6.281474581,7.36629646
2025-01-29 00:00:00.000,After_hack,5.804049809,6.201026331,5.804049809,6.174776532
2025-01-28 00:00:00.000,After_hack,4.812252654,5.812422812,4.812252654,5.812422812
2025-01-27 00:00:00.000,After_hack,4.711497385,4.851297403,4.718042335,4.812252654
2025-01-26 00:00:00.000,After_hack,4.647864094,4.72881298,4.647864094,4.718042335
2025-01-25 00:00:00.000,After_hack,4.460422887,4.647864094,4.539908154,4.647864094
2025-01-24 00:00:00.000,After_hack,4.225121192,4.492091888,4.225121192,4.492091888
2025-01-23 00:00:00.000,After_hack,4.225121192,4.225121192,4.225121192,4.225121192
2025-01-22 00:00:00.000,After_hack,4.225121192,4.232228709,4.232228709,4.225121192
2025-01-21 00:00:00.000,After_hack,4.239189842,4.239189842,4.239189842,4.239189842
2025-01-20 00:00:00.000,After_hack,4.119982432,4.239189842,4.225924146,4.239189842
2025-01-19 00:00:00.000,After_hack,3.908277809,4.413438041,4.298572918,4.225924146
2025-01-18 00:00:00.000,After_hack,4.077273844,4.298572918,4.077273844,4.298572918
2025-01-17 00:00:00.000,After_hack,4.067246364,4.077669702,4.067246364,4.077273844
2025-01-16 00:00:00.000,After_hack,0.05012519642,4.066759215,0.05012519642,4.060842653
2025-01-15 00:00:00.000,After_hack,0.05012519642,0.05012519642,0.05012519642,0.05012519642
2025-01-14 00:00:00.000,After_hack,0.05012519642,0.05012519642,0.05012519642,0.05012519642
2025-01-13 00:00:00.000,After_hack,0.05012519642,0.05012519642,0.05012519642,0.05012519642
2025-01-12 00:00:00.000,After_hack,0.05012519642,0.05012519642,0.05012519642,0.05012519642
2025-01-11 00:00:00.000,After_hack,0.05012519642,0.05012519642,0.05012519642,0.05012519642
2025-01-10 00:00:00.000,After_hack,0.05012519642,0.05012519642,0.05012519642,0.05012519642
2025-01-09 00:00:00.000,After_hack,0.05012519642,0.05012519642,0.05012519642,0.05012519642
2025-01-08 00:00:00.000,After_hack,0.05012519642,0.05012519642,0.05012519642,0.05012519642
2025-01-07 00:00:00.000,After_hack,0.05012519642,0.05012519642,0.05012519642,0.05012519642
2025-01-06 00:00:00.000,After_hack,0.05012519642,0.05012519642,0.05012519642,0.05012519642
2025-01-05 00:00:00.000,After_hack,0.05012519642,0.05012519642,0.05012519642,0.05012519642
2025-01-04 00:00:00.000,After_hack,0.05012519642,0.05012519642,0.05012519642,0.05012519642
2025-01-03 00:00:00.000,After_hack,0.05012519642,0.05012519642,0.05012519642,0.05012519642
2025-01-02 00:00:00.000,After_hack,0.05012519642,0.05012519642,0.05012519642,0.05012519642
2025-01-01 00:00:00.000,After_hack,0.05012519642,0.05012519642,0.05012519642,0.05012519642
2024-12-31 00:00:00.000,After_hack,0.05012519642,0.05012519642,0.05012519642,0.05012519642
2024-12-30 00:00:00.000,After_hack,0.05012519642,0.05012519642,0.05012519642,0.05012519642
2024-12-29 00:00:00.000,After_hack,0.05012519642,0.05012519642,0.05012519642,0.05012519642
2024-12-28 00:00:00.000,After_hack,0.05012519642,0.05012519642,0.05012519642,0.05012519642
2024-12-27 00:00:00.000,After_hack,0.05012519642,0.05012519642,0.05012519642,0.05012519642
2024-12-26 00:00:00.000,After_hack,0.05012519642,0.05012519642,0.05012519642,0.05012519642
2024-12-25 00:00:00.000,After_hack,0.05012519642,0.05012519642,0.05012519642,0.05012519642
2024-12-24 00:00:00.000,After_hack,0.05012519642,0.05012519642,0.05012519642,0.05012519642
2024-12-23 00:00:00.000,After_hack,0.05012519642,0.05012519642,0.05012519642,0.05012519642
2024-12-22 00:00:00.000,After_hack,0.05012519642,0.05012519642,0.05012519642,0.05012519642
2024-12-21 00:00:00.000,After_hack,0.05012519642,0.05012519642,0.05012519642,0.05012519642
2024-12-20 00:00:00.000,After_hack,0.05012519642,0.05012519642,0.05012519642,0.05012519642
2024-12-19 00:00:00.000,After_hack,0.05012519642,0.05012519642,0.05012519642,0.05012519642
2024-12-18 00:00:00.000,After_hack,0.05012519642,0.05012519642,0.05012519642,0.05012519642
2024-12-17 00:00:00.000,After_hack,0.05012519642,0.05012519642,0.05012519642,0.05012519642
2024-12-16 00:00:00.000,After_hack,0.05012519642,0.05012519642,0.05012519642,0.05012519642
2024-12-15 00:00:00.000,After_hack,0.05012519642,0.05012519642,0.05012519642,0.05012519642
2024-12-14 00:00:00.000,After_hack,0.05012519642,0.05012519642,0.05012519642,0.05012519642
2024-12-13 00:00:00.000,After_hack,0.05012519642,0.05012519642,0.05012519642,0.05012519642
2024-12-12 00:00:00.000,After_hack,0.05012519642,0.05012519642,0.05012519642,0.05012519642
2024-12-11 00:00:00.000,After_hack,0.05012519642,0.05012519642,0.05012519642,0.05012519642
2024-12-10 00:00:00.000,After_hack,0.05012519642,0.05012519642,0.05012519642,0.05012519642
2024-12-09 00:00:00.000,After_hack,0.05012519642,0.05012519642,0.05012519642,0.05012519642
2024-12-08 00:00:00.000,After_hack,0.05012519642,0.05012519642,0.05012519642,0.05012519642
2024-12-07 00:00:00.000,After_hack,0.05012519642,0.05012519642,0.05012519642,0.05012519642
2024-12-06 00:00:00.000,After_hack,0.05012519642,0.05012519642,0.05012519642,0.05012519642
2024-12-05 00:00:00.000,After_hack,0.05012519642,0.05012519642,0.05012519642,0.05012519642
2024-12-04 00:00:00.000,After_hack,0.05012519642,0.05012519642,0.05012519642,0.05012519642
2024-12-03 00:00:00.000,After_hack,0.05012519642,0.05012519642,0.05012519642,0.05012519642
2024-12-02 00:00:00.000,After_hack,0.05012519642,0.05012519642,0.05012519642,0.05012519642
2024-12-01 00:00:00.000,After_hack,0.05012519642,0.05012519642,0.05012519642,0.05012519642
2024-11-30 00:00:00.000,After_hack,0.05012519642,0.05012519642,0.05012519642,0.05012519642
2024-11-29 00:00:00.000,After_hack,0.05012519642,0.05012519642,0.05012519642,0.05012519642
2024-11-28 00:00:00.000,After_hack,0.05012519642,0.05012519642,0.05012519642,0.05012519642
2024-11-27 00:00:00.000,After_hack,0.05012519642,0.05012519642,0.05012519642,0.05012519642
2024-11-26 00:00:00.000,After_hack,0.05012519642,0.05012519642,0.05012519642,0.05012519642
2024-11-25 00:00:00.000,After_hack,0.05012519642,0.05012519642,0.05012519642,0.05012519642
2024-11-24 00:00:00.000,After_hack,0.05012519642,0.05012519642,0.05012519642,0.05012519642
2024-11-23 00:00:00.000,After_hack,0.05012519642,0.05012519642,0.05012519642,0.05012519642
2024-11-22 00:00:00.000,After_hack,0.05012519642,0.05012519642,0.05012519642,0.05012519642
2024-11-21 00:00:00.000,After_hack,0.05012519642,0.05012519642,0.05012519642,0.05012519642
2024-11-20 00:00:00.000,After_hack,0.05012519642,0.05012519642,0.05012519642,0.05012519642
2024-11-19 00:00:00.000,After_hack,0.05012519642,0.05012519642,0.05012519642,0.05012519642
2024-11-18 00:00:00.000,After_hack,0.05012519642,0.05012519642,0.05012519642,0.05012519642
2024-11-17 00:00:00.000,After_hack,0.05012519642,0.05012519642,0.05012519642,0.05012519642
2024-11-16 00:00:00.000,After_hack,0.05012519642,0.05012519642,0.05012519642,0.05012519642
2024-11-15 00:00:00.000,After_hack,0.05012519642,0.05012519642,0.05012519642,0.05012519642
2024-11-14 00:00:00.000,After_hack,0.05012519642,0.05012519642,0.05012519642,0.05012519642
2024-11-13 00:00:00.000,After_hack,0.05012519642,0.05012519642,0.05012519642,0.05012519642
2024-11-12 00:00:00.000,After_hack,0.05012519642,0.05012519642,0.05012519642,0.05012519642
2024-11-11 00:00:00.000,After_hack,0.05012519642,0.05012519642,0.05012519642,0.05012519642
2024-11-10 00:00:00.000,After_hack,0.05012519642,0.05012519642,0.05012519642,0.05012519642
2024-11-09 00:00:00.000,After_hack,0.05012519642,0.05012519642,0.05012519642,0.05012519642
2024-11-08 00:00:00.000,After_hack,0.05012519642,0.05012519642,0.05012519642,0.05012519642
2024-11-07 00:00:00.000,After_hack,0.05012519642,0.05012519642,0.05012519642,0.05012519642
2024-11-06 00:00:00.000,After_hack,0.05012519642,0.05012519642,0.05012519642,0.05012519642
2024-11-05 00:00:00.000,After_hack,0.05012519642,0.05012519642,0.05012519642,0.05012519642
2024-11-04 00:00:00.000,After_hack,0.05012519642,0.05012519642,0.05012519642,0.05012519642
2024-11-03 00:00:00.000,After_hack,0.05012519642,0.05012519642,0.05012519642,0.05012519642
2024-11-02 00:00:00.000,After_hack,0.05012519642,0.05012519642,0.05012519642,0.05012519642
2024-11-01 00:00:00.000,After_hack,0.05012519642,0.05012519642,0.05012519642,0.05012519642
2024-10-31 00:00:00.000,After_hack,0.05012519642,0.05012519642,0.05012519642,0.05012519642
2024-10-30 00:00:00.000,After_hack,0.05012519642,0.05012519642,0.05012519642,0.05012519642
2024-10-29 00:00:00.000,After_hack,0.05012519642,0.05012519642,0.05012519642,0.05012519642
2024-10-28 00:00:00.000,After_hack,0.05012519642,0.05012519642,0.05012519642,0.05012519642
2024-10-27 00:00:00.000,After_hack,0.05012519642,0.05012519642,0.05012519642,0.05012519642
2024-10-26 00:00:00.000,After_hack,0.05012519642,0.05012519642,0.05012519642,0.05012519642
2024-10-25 00:00:00.000,After_hack,0.05012519642,0.05012519642,0.05012519642,0.05012519642
2024-10-24 00:00:00.000,After_hack,0.05012519642,0.05012519642,0.05012519642,0.05012519642
2024-10-23 00:00:00.000,After_hack,0.05012519642,0.05012519642,0.05012519642,0.05012519642
2024-10-22 00:00:00.000,After_hack,0.05012519642,0.05012519642,0.05012519642,0.05012519642
2024-10-21 00:00:00.000,After_hack,0.05012519642,0.05012519642,0.05012519642,0.05012519642
2024-10-20 00:00:00.000,After_hack,0.05012519642,0.05012519642,0.05012519642,0.05012519642
2024-10-19 00:00:00.000,After_hack,0.05012519642,0.05012519642,0.05012519642,0.05012519642
2024-10-18 00:00:00.000,After_hack,0.05012519642,0.05012519642,0.05012519642,0.05012519642
2024-10-17 00:00:00.000,After_hack,0.05012519642,0.05012519642,0.05012519642,0.05012519642
2024-10-16 00:00:00.000,After_hack,0.05012519642,0.05012519642,0.05012519642,0.05012519642
2024-10-15 00:00:00.000,After_hack,0.05012519642,0.05012519642,0.05012519642,0.05012519642
2024-10-14 00:00:00.000,After_hack,0.05012519642,0.05012519642,0.05012519642,0.05012519642
2024-10-13 00:00:00.000,After_hack,0.05012519642,0.05012519642,0.05012519642,0.05012519642
2024-10-12 00:00:00.000,After_hack,0.05012519642,0.05012519642,0.05012519642,0.05012519642
2024-10-11 00:00:00.000,After_hack,0.05012519642,0.05012519642,0.05012519642,0.05012519642
2024-10-10 00:00:00.000,After_hack,0.05012519642,0.05012519642,0.05012519642,0.05012519642
2024-10-09 00:00:00.000,After_hack,0.05012519642,0.05012519642,0.05012519642,0.05012519642
2024-10-08 00:00:00.000,After_hack,0.05012519642,0.05012519642,0.05012519642,0.05012519642
2024-10-07 00:00:00.000,After_hack,0.05012519642,0.05012519642,0.05012519642,0.05012519642
2024-10-06 00:00:00.000,After_hack,0.05012519642,0.05012519642,0.05012519642,0.05012519642
2024-10-05 00:00:00.000,After_hack,0.05012519642,0.05012519642,0.05012519642,0.05012519642
2024-10-04 00:00:00.000,After_hack,0.05012519642,0.05012519642,0.05012519642,0.05012519642
2024-10-03 00:00:00.000,After_hack,0.05012519642,0.05012519642,0.05012519642,0.05012519642
2024-10-02 00:00:00.000,After_hack,0.05012519642,0.05012519642,0.05012519642,0.05012519642
2024-10-01 00:00:00.000,After_hack,0.05012519642,0.05012519642,0.05012519642,0.05012519642
2024-09-30 00:00:00.000,After_hack,0.05012519642,0.05012519642,0.05012519642,0.05012519642
2024-09-29 00:00:00.000,After_hack,0.05012519642,0.05012519642,0.05012519642,0.05012519642
2024-09-28 00:00:00.000,After_hack,0.05012519642,0.05012519642,0.05012519642,0.05012519642
2024-09-27 00:00:00.000,After_hack,0.05012519642,0.05012519642,0.05012519642,0.05012519642
2024-09-26 00:00:00.000,After_hack,0.05012519642,0.05012519642,0.05012519642,0.05012519642
2024-09-25 00:00:00.000,After_hack,0.05012519642,0.05012519642,0.05012519642,0.05012519642
2024-09-24 00:00:00.000,After_hack,0.05012519642,0.05012519642,0.05012519642,0.05012519642
2024-09-23 00:00:00.000,After_hack,0.05012519642,0.05012519642,0.05012519642,0.05012519642
2024-09-22 00:00:00.000,After_hack,0.05012519642,0.05012519642,0.05012519642,0.05012519642
2024-09-21 00:00:00.000,After_hack,0.05012519642,0.05012519642,0.05012519642,0.05012519642
2024-09-20 00:00:00.000,After_hack,0.05012519642,0.05012519642,0.05012519642,0.05012519642
2024-09-19 00:00:00.000,After_hack,0.05012519642,0.05012519642,0.05012519642,0.05012519642
2024-09-18 00:00:00.000,After_hack,0.05012519642,0.05012519642,0.05012519642,0.05012519642
2024-09-17 00:00:00.000,After_hack,0.05012519642,0.05012519642,0.05012519642,0.05012519642
2024-09-16 00:00:00.000,After_hack,0.05012519642,0.05012519642,0.05012519642,0.05012519642
2024-09-15 00:00:00.000,After_hack,0.05012519642,0.05012519642,0.05012519642,0.05012519642
2024-09-14 00:00:00.000,After_hack,0.05012519642,0.05012519642,0.05012519642,0.05012519642
2024-09-13 00:00:00.000,After_hack,0.05012519642,0.05012519642,0.05012519642,0.05012519642
2024-09-12 00:00:00.000,After_hack,0.05012519642,0.05012519642,0.05012519642,0.05012519642
2024-09-11 00:00:00.000,After_hack,0.05012519642,0.05012519642,0.05012519642,0.05012519642
2024-09-10 00:00:00.000,After_hack,0.05012519642,0.05012519642,0.05012519642,0.05012519642
2024-09-09 00:00:00.000,After_hack,0.05012519642,0.05012519642,0.05012519642,0.05012519642
2024-09-08 00:00:00.000,After_hack,0.05012519642,0.05012519642,0.05012519642,0.05012519642
2024-09-07 00:00:00.000,After_hack,0.05012519642,0.05012519642,0.05012519642,0.05012519642
2024-09-06 00:00:00.000,After_hack,0.05012519642,0.05012519642,0.05012519642,0.05012519642
2024-09-05 00:00:00.000,After_hack,0.05012519642,0.05012519642,0.05012519642,0.05012519642
2024-09-04 00:00:00.000,After_hack,0.05012519642,0.05012519642,0.05012519642,0.05012519642
2024-09-03 00:00:00.000,After_hack,0.05012519642,0.05012519642,0.05012519642,0.05012519642
2024-09-02 00:00:00.000,After_hack,0.05012519642,0.05012519642,0.05012519642,0.05012519642
2024-09-01 00:00:00.000,After_hack,0.05012519642,0.05012519642,0.05012519642,0.05012519642
2024-08-31 00:00:00.000,After_hack,0.05012519642,0.05012519642,0.05012519642,0.05012519642
2024-08-30 00:00:00.000,After_hack,0.05012519642,0.05012519642,0.05012519642,0.05012519642
2024-08-29 00:00:00.000,After_hack,0.05012519642,0.05012519642,0.05012519642,0.05012519642
2024-08-28 00:00:00.000,After_hack,0.05012519642,0.05012519642,0.05012519642,0.05012519642
2024-08-27 00:00:00.000,After_hack,0.05012519642,0.05012519642,0.05012519642,0.05012519642
2024-08-26 00:00:00.000,After_hack,0.05012519642,0.05012519642,0.05012519642,0.05012519642
2024-08-25 00:00:00.000,After_hack,0.05012519642,0.05012519642,0.05012519642,0.05012519642
2024-08-24 00:00:00.000,After_hack,0.05012519642,0.05012519642,0.05012519642,0.05012519642
2024-08-23 00:00:00.000,After_hack,0.05012519642,0.05012519642,0.05012519642,0.05012519642
2024-08-22 00:00:00.000,After_hack,0.05012519642,0.05012519642,0.05012519642,0.05012519642
2024-08-21 00:00:00.000,After_hack,0.05012519642,0.05012519642,0.05012519642,0.05012519642
2024-08-20 00:00:00.000,After_hack,0.05012519642,0.05012519642,0.05012519642,0.05012519642
2024-08-19 00:00:00.000,After_hack,0.05012519642,0.05012519642,0.05012519642,0.05012519642
2024-08-18 00:00:00.000,After_hack,0.05012519642,0.05012519642,0.05012519642,0.05012519642
2024-08-17 00:00:00.000,After_hack,0.05012519642,0.05012519642,0.05012519642,0.05012519642
2024-08-16 00:00:00.000,After_hack,0.05012519642,0.05012519642,0.05012519642,0.05012519642
2024-08-15 00:00:00.000,After_hack,0.05012519642,0.05012519642,0.05012519642,0.05012519642
2024-08-14 00:00:00.000,After_hack,0.05012519642,0.05012519642,0.05012519642,0.05012519642
2024-08-13 00:00:00.000,After_hack,0.05012519642,0.05012519642,0.05012519642,0.05012519642
2024-08-12 00:00:00.000,After_hack,0.05012519642,0.05012519642,0.05012519642,0.05012519642
2024-08-11 00:00:00.000,After_hack,0.05012519642,0.05012519642,0.05012519642,0.05012519642
2024-08-10 00:00:00.000,After_hack,0.05012519642,0.05012519642,0.05012519642,0.05012519642
2024-08-09 00:00:00.000,After_hack,0.05012519642,0.05012519642,0.05012519642,0.05012519642
2024-08-08 00:00:00.000,After_hack,0.05012519642,0.05012519642,0.05012519642,0.05012519642
2024-08-07 00:00:00.000,After_hack,0.05012519642,0.05012519642,0.05012519642,0.05012519642
2024-08-06 00:00:00.000,After_hack,0.05012519642,0.05012519642,0.05012519642,0.05012519642
2024-08-05 00:00:00.000,After_hack,0.05012519642,0.05012519642,0.05012519642,0.05012519642
2024-08-04 00:00:00.000,After_hack,0.05012519642,0.05012519642,0.05012519642,0.05012519642
2024-08-03 00:00:00.000,After_hack,0.05012519642,0.05012519642,0.05012519642,0.05012519642
2024-08-02 00:00:00.000,After_hack,0.05012519642,0.05012519642,0.05012519642,0.05012519642
2024-08-01 00:00:00.000,After_hack,0.05012519642,0.05012519642,0.05012519642,0.05012519642
2024-07-31 00:00:00.000,After_hack,0.05012519642,0.05012519642,0.05012519642,0.05012519642
2024-07-30 00:00:00.000,After_hack,0.05012519642,0.05012519642,0.05012519642,0.05012519642
2024-07-29 00:00:00.000,After_hack,0.05012519642,0.05012519642,0.05012519642,0.05012519642
2024-07-28 00:00:00.000,After_hack,0.05012519642,0.05012519642,0.05012519642,0.05012519642
2024-07-27 00:00:00.000,After_hack,0.05012519642,0.05012519642,0.05012519642,0.05012519642
2024-07-26 00:00:00.000,After_hack,0.05012519642,0.05012519642,0.05012519642,0.05012519642
2024-07-25 00:00:00.000,After_hack,0.05012519642,0.05012519642,0.05012519642,0.05012519642
2024-07-24 00:00:00.000,After_hack,0.05012519642,0.05012519642,0.05012519642,0.05012519642
2024-07-23 00:00:00.000,After_hack,0.05012519642,0.05012519642,0.05012519642,0.05012519642
2024-07-22 00:00:00.000,After_hack,0.05012519642,0.05012519642,0.05012519642,0.05012519642
2024-07-21 00:00:00.000,After_hack,0.05012519642,0.05012519642,0.05012519642,0.05012519642
2024-07-20 00:00:00.000,After_hack,0.05012519642,0.05012519642,0.05012519642,0.05012519642
2024-07-19 00:00:00.000,After_hack,0.05012519642,0.05012519642,0.05012519642,0.05012519642
2024-07-18 00:00:00.000,After_hack,0.05012519642,0.05012519642,0.05012519642,0.05012519642
2024-07-17 00:00:00.000,After_hack,0.05012519642,0.05012519642,0.05012519642,0.05012519642
2024-07-16 00:00:00.000,After_hack,0.05012519642,0.05012519642,0.05012519642,0.05012519642
2024-07-15 00:00:00.000,After_hack,0.05012519642,0.05012519642,0.05012519642,0.05012519642
2024-07-14 00:00:00.000,After_hack,0.05012519642,0.05012519642,0.05012519642,0.05012519642
2024-07-13 00:00:00.000,After_hack,0.05012519642,0.05012519642,0.05012519642,0.05012519642
2024-07-12 00:00:00.000,After_hack,0.05012519642,0.05012519642,0.05012519642,0.05012519642
2024-07-11 00:00:00.000,After_hack,0.05012519642,0.05012519642,0.05012519642,0.05012519642
2024-07-10 00:00:00.000,After_hack,0.05012519642,0.05012519642,0.05012519642,0.05012519642
2024-07-09 00:00:00.000,After_hack,0.05012519642,0.05012519642,0.05012519642,0.05012519642
2024-07-08 00:00:00.000,After_hack,0.05012519642,0.05012519642,0.05012519642,0.05012519642
2024-07-07 00:00:00.000,After_hack,0.05012519642,0.05012519642,0.05012519642,0.05012519642
2024-07-06 00:00:00.000,After_hack,0.05012519642,0.05012519642,0.05012519642,0.05012519642
2024-07-05 00:00:00.000,After_hack,0.05012519642,0.05012519642,0.05012519642,0.05012519642
2024-07-04 00:00:00.000,After_hack,0.05012519642,0.05012519642,0.05012519642,0.05012519642
2024-07-03 00:00:00.000,After_hack,0.05012519642,0.05012519642,0.05012519642,0.05012519642
2024-07-02 00:00:00.000,After_hack,0.05012519642,0.05012519642,0.05012519642,0.05012519642
2024-07-01 00:00:00.000,After_hack,0.05012519642,0.05012519642,0.05012519642,0.05012519642
2024-06-30 00:00:00.000,After_hack,0.05012519642,0.05012519642,0.05012519642,0.05012519642
2024-06-29 00:00:00.000,After_hack,0.05012519642,0.05012519642,0.05012519642,0.05012519642
2024-06-28 00:00:00.000,After_hack,0.05012519642,0.05012519642,0.05012519642,0.05012519642
2024-06-27 00:00:00.000,After_hack,0.05012519642,0.05012519642,0.05012519642,0.05012519642
2024-06-26 00:00:00.000,After_hack,0.05012519642,0.05012519642,0.05012519642,0.05012519642
2024-06-25 00:00:00.000,After_hack,0.05012519642,0.05012519642,0.05012519642,0.05012519642
2024-06-24 00:00:00.000,After_hack,0.05012519642,0.05012519642,0.05012519642,0.05012519642
2024-06-23 00:00:00.000,After_hack,0.05012519642,0.05012519642,0.05012519642,0.05012519642
2024-06-22 00:00:00.000,After_hack,0.05012519642,0.05012519642,0.05012519642,0.05012519642
2024-06-21 00:00:00.000,After_hack,0.05012519642,0.05012519642,0.05012519642,0.05012519642
2024-06-20 00:00:00.000,After_hack,0.05012519642,0.05012519642,0.05012519642,0.05012519642
2024-06-19 00:00:00.000,After_hack,0.05012519642,0.05012519642,0.05012519642,0.05012519642
2024-06-18 00:00:00.000,After_hack,0.05012519642,0.05012519642,0.05012519642,0.05012519642
2024-06-17 00:00:00.000,After_hack,0.05012519642,0.05012519642,0.05012519642,0.05012519642
2024-06-16 00:00:00.000,After_hack,0.05012519642,0.05012519642,0.05012519642,0.05012519642
2024-06-15 00:00:00.000,After_hack,0.05012519642,0.05012519642,0.05012519642,0.05012519642
2024-06-14 00:00:00.000,After_hack,0.05012519642,0.05012519642,0.05012519642,0.05012519642
2024-06-13 00:00:00.000,After_hack,0.05012519642,0.05012519642,0.05012519642,0.05012519642
2024-06-12 00:00:00.000,After_hack,0.05012519642,0.05012519642,0.05012519642,0.05012519642
2024-06-11 00:00:00.000,After_hack,0.05012519642,0.05012519642,0.05012519642,0.05012519642
2024-06-10 00:00:00.000,After_hack,0.05012519642,0.05012519642,0.05012519642,0.05012519642
2024-06-09 00:00:00.000,After_hack,0.05012519642,0.05012519642,0.05012519642,0.05012519642
2024-06-08 00:00:00.000,After_hack,0.05012519642,0.05012519642,0.05012519642,0.05012519642
2024-06-07 00:00:00.000,After_hack,0.05012519642,0.05012519642,0.05012519642,0.05012519642
2024-06-06 00:00:00.000,After_hack,0.05012519642,0.05012519642,0.05012519642,0.05012519642
2024-06-05 00:00:00.000,After_hack,0.05012519642,0.05012519642,0.05012519642,0.05012519642
2024-06-04 00:00:00.000,After_hack,0.05012519642,0.05012519642,0.05012519642,0.05012519642
2024-06-03 00:00:00.000,After_hack,0.05012519642,0.05012519642,0.05012519642,0.05012519642
2024-06-02 00:00:00.000,After_hack,0.05012519642,0.05012519642,0.05012519642,0.05012519642
2024-06-01 00:00:00.000,After_hack,0.05012519642,0.05012519642,0.05012519642,0.05012519642
2024-05-31 00:00:00.000,After_hack,0.05012519642,0.05012519642,0.05012519642,0.05012519642
2024-05-30 00:00:00.000,After_hack,0.05012519642,0.05012519642,0.05012519642,0.05012519642
2024-05-29 00:00:00.000,After_hack,0.05012519642,0.05012519642,0.05012519642,0.05012519642
2024-05-28 00:00:00.000,After_hack,0.05012519642,0.05012519642,0.05012519642,0.05012519642
2024-05-27 00:00:00.000,After_hack,0.05012519642,0.05012519642,0.05012519642,0.05012519642
2024-05-26 00:00:00.000,After_hack,0.05012519642,0.05012519642,0.05012519642,0.05012519642
2024-05-25 00:00:00.000,After_hack,0.05012519642,0.05012519642,0.05012519642,0.05012519642
2024-05-24 00:00:00.000,After_hack,0.05012519642,0.05012519642,0.05012519642,0.05012519642
2024-05-23 00:00:00.000,After_hack,0.05012519642,0.05012519642,0.05012519642,0.05012519642
2024-05-22 00:00:00.000,After_hack,0.05012519642,0.05012519642,0.05012519642,0.05012519642
2024-05-21 00:00:00.000,After_hack,0.05012519642,0.05012519642,0.05012519642,0.05012519642
2024-05-20 00:00:00.000,After_hack,0.05012519642,0.05012519642,0.05012519642,0.05012519642
2024-05-19 00:00:00.000,After_hack,0.05012519642,0.05012519642,0.05012519642,0.05012519642
2024-05-18 00:00:00.000,After_hack,0.05012519642,0.05012519642,0.05012519642,0.05012519642
2024-05-17 00:00:00.000,After_hack,0.05012519642,0.05012519642,0.05012519642,0.05012519642
2024-05-16 00:00:00.000,After_hack,0.05012519642,0.05012519642,0.05012519642,0.05012519642
2024-05-15 00:00:00.000,After_hack,0.05012519642,0.05012519642,0.05012519642,0.05012519642
2024-05-14 00:00:00.000,After_hack,0.05012519642,0.05012519642,0.05012519642,0.05012519642
2024-05-13 00:00:00.000,After_hack,0.05012519642,0.05012519642,0.05012519642,0.05012519642
2024-05-12 00:00:00.000,After_hack,0.05012519642,0.05012519642,0.05012519642,0.05012519642
2024-05-11 00:00:00.000,After_hack,0.05012519642,0.05012519642,0.05012519642,0.05012519642
2024-05-10 00:00:00.000,After_hack,0.05012519642,0.05012519642,0.05012519642,0.05012519642
2024-05-09 00:00:00.000,After_hack,0.05012519642,0.05012519642,0.05012519642,0.05012519642
2024-05-08 00:00:00.000,After_hack,0.05012519642,0.05012519642,0.05012519642,0.05012519642
2024-05-07 00:00:00.000,After_hack,0.05012519642,0.05012519642,0.05012519642,0.05012519642
2024-05-06 00:00:00.000,After_hack,0.05012519642,0.05012519642,0.05012519642,0.05012519642
2024-05-05 00:00:00.000,After_hack,0.05012519642,0.05012519642,0.05012519642,0.05012519642
2024-05-04 00:00:00.000,After_hack,0.05012519642,0.05012519642,0.05012519642,0.05012519642
2024-05-03 00:00:00.000,After_hack,0.05012519642,0.05012519642,0.05012519642,0.05012519642
2024-05-02 00:00:00.000,After_hack,0.05012519642,0.05012519642,0.05012519642,0.05012519642
2024-05-01 00:00:00.000,After_hack,0.05012519642,0.05012519642,0.05012519642,0.05012519642
2024-04-30 00:00:00.000,After_hack,0.05012519642,0.05012519642,0.05012519642,0.05012519642
2024-04-29 00:00:00.000,After_hack,0.05012519642,0.05012519642,0.05012519642,0.05012519642
2024-04-28 00:00:00.000,After_hack,0.05012519642,0.05012519642,0.05012519642,0.05012519642
2024-04-27 00:00:00.000,After_hack,0.05012519642,0.05012519642,0.05012519642,0.05012519642
2024-04-26 00:00:00.000,After_hack,0.05012519642,0.05012519642,0.05012519642,0.05012519642
2024-04-25 00:00:00.000,After_hack,0.05012519642,0.05012519642,0.05012519642,0.05012519642
2024-04-24 00:00:00.000,After_hack,0.05012519642,0.05012519642,0.05012519642,0.05012519642
2024-04-23 00:00:00.000,After_hack,0.05012519642,0.05012519642,0.05012519642,0.05012519642
2024-04-22 00:00:00.000,After_hack,0.05012519642,0.05012519642,0.05012519642,0.05012519642
2024-04-21 00:00:00.000,After_hack,0.05012519642,0.05012519642,0.05012519642,0.05012519642
2024-04-20 00:00:00.000,After_hack,0.05012519642,0.05012519642,0.05012519642,0.05012519642
2024-04-19 00:00:00.000,After_hack,0.05012519642,0.05012519642,0.05012519642,0.05012519642
2024-04-18 00:00:00.000,After_hack,0.05012519642,0.05012519642,0.05012519642,0.05012519642
2024-04-17 00:00:00.000,After_hack,0.05012519642,0.05012519642,0.05012519642,0.05012519642
2024-04-16 00:00:00.000,After_hack,0.05012519642,0.05012519642,0.05012519642,0.05012519642
2024-04-15 00:00:00.000,After_hack,0.05012519642,0.05012519642,0.05012519642,0.05012519642
2024-04-14 00:00:00.000,After_hack,0.05012519642,0.05012519642,0.05012519642,0.05012519642
2024-04-13 00:00:00.000,After_hack,0.05012519642,0.05012519642,0.05012519642,0.05012519642
2024-04-12 00:00:00.000,After_hack,0.05012519642,0.05012519642,0.05012519642,0.05012519642
2024-04-11 00:00:00.000,After_hack,0.05012519642,0.05012519642,0.05012519642,0.05012519642
2024-04-10 00:00:00.000,After_hack,0.05012519642,0.05012519642,0.05012519642,0.05012519642
2024-04-09 00:00:00.000,After_hack,0.05012519642,0.05012519642,0.05012519642,0.05012519642
2024-04-08 00:00:00.000,After_hack,0.05012519642,0.05012519642,0.05012519642,0.05012519642
2024-04-07 00:00:00.000,After_hack,0.05012519642,0.05012519642,0.05012519642,0.05012519642
2024-04-06 00:00:00.000,After_hack,0.05012519642,0.05012519642,0.05012519642,0.05012519642
2024-04-05 00:00:00.000,After_hack,0.05012519642,0.05012519642,0.05012519642,0.05012519642
2024-04-04 00:00:00.000,After_hack,0.05012519642,0.05012519642,0.05012519642,0.05012519642
2024-04-03 00:00:00.000,After_hack,0.05012519642,0.05012519642,0.05012519642,0.05012519642
2024-04-02 00:00:00.000,After_hack,0.05012519642,0.05012519642,0.05012519642,0.05012519642
2024-04-01 00:00:00.000,After_hack,0.05012519642,0.05012519642,0.05012519642,0.05012519642
2024-03-31 00:00:00.000,After_hack,0.05012519642,0.05012519642,0.05012519642,0.05012519642
2024-03-30 00:00:00.000,After_hack,0.05012519642,0.05012519642,0.05012519642,0.05012519642
2024-03-29 00:00:00.000,After_hack,0.05012519642,0.05012519642,0.05012519642,0.05012519642
2024-03-28 00:00:00.000,After_hack,0.05012519642,0.05012519642,0.05012519642,0.05012519642
2024-03-27 00:00:00.000,After_hack,0.05012519642,0.05012519642,0.05012519642,0.05012519642
2024-03-26 00:00:00.000,After_hack,0.05012519642,0.05012519642,0.05012519642,0.05012519642
2024-03-25 00:00:00.000,After_hack,0.05012519642,0.05012519642,0.05012519642,0.05012519642
2024-03-24 00:00:00.000,After_hack,0.05012519642,0.05012519642,0.05012519642,0.05012519642
2024-03-23 00:00:00.000,After_hack,0.05012519642,0.05012519642,0.05012519642,0.05012519642
2024-03-22 00:00:00.000,After_hack,0.05012519642,0.05012519642,0.05012519642,0.05012519642
2024-03-21 00:00:00.000,After_hack,0.05012519642,0.05012519642,0.05012519642,0.05012519642
2024-03-20 00:00:00.000,After_hack,0.05012519642,0.05012519642,0.05012519642,0.05012519642
2024-03-19 00:00:00.000,After_hack,0.05012519642,0.05012519642,0.05012519642,0.05012519642
2024-03-18 00:00:00.000,After_hack,0.05012519642,0.05012519642,0.05012519642,0.05012519642
2024-03-17 00:00:00.000,After_hack,0.05012519642,0.05012519642,0.05012519642,0.05012519642
2024-03-16 00:00:00.000,After_hack,0.05012519642,0.05012519642,0.05012519642,0.05012519642
2024-03-15 00:00:00.000,After_hack,0.05012519642,0.05012519642,0.05012519642,0.05012519642
2024-03-14 00:00:00.000,After_hack,0.05012519642,0.05012519642,0.05012519642,0.05012519642
2024-03-13 00:00:00.000,After_hack,0.05012519642,0.05012519642,0.05012519642,0.05012519642
2024-03-12 00:00:00.000,After_hack,0.05012519642,0.05012519642,0.05012519642,0.05012519642
2024-03-11 00:00:00.000,After_hack,0.05012519642,0.05012519642,0.05012519642,0.05012519642
2024-03-10 00:00:00.000,After_hack,0.05012519642,0.05012519642,0.05012519642,0.05012519642
2024-03-09 00:00:00.000,After_hack,0.05012519642,0.05012519642,0.05012519642,0.05012519642
2024-03-08 00:00:00.000,After_hack,0.05012519642,0.05012519642,0.05012519642,0.05012519642
2024-03-07 00:00:00.000,After_hack,0.05012519642,0.05012519642,0.05012519642,0.05012519642
2024-03-06 00:00:00.000,After_hack,0.05012519642,0.05651281983,0.05651281983,0.05012519642
2024-03-05 00:00:00.000,After_hack,0.04973443998,0.0580232583,0.05622807466,0.0550570658
2024-03-04 00:00:00.000,After_hack,0.05548185705,0.05813758701,0.05641392411,0.0563683791
2024-03-03 00:00:00.000,After_hack,0.05463024811,0.05815011103,0.05748691378,0.0548904132
2024-03-02 00:00:00.000,After_hack,0.05629351728,0.05856924757,0.05668817226,0.05728876532
2024-03-01 00:00:00.000,After_hack,0.0551199953,0.05802308387,0.05663058912,0.05762936227
2024-02-29 00:00:00.000,After_hack,0.0548198636,0.05816133102,0.05557668911,0.05665409917
2024-02-28 00:00:00.000,After_hack,0.05592641712,0.05766564213,0.05766564213,0.0574988669
2024-02-27 00:00:00.000,After_hack,0.05766564213,0.05766564213,0.05766564213,0.05766564213
2024-02-26 00:00:00.000,After_hack,0.05631147051,0.05766564213,0.05691511563,0.05766564213
2024-02-25 00:00:00.000,After_hack,0.05562259941,0.05786115237,0.05786115237,0.05677961818
2024-02-24 00:00:00.000,After_hack,0.05701042826,0.05806507637,0.05701805524,0.05786115237
2024-02-23 00:00:00.000,After_hack,0.05434294999,0.05813633356,0.05470128981,0.05747994927
2024-02-22 00:00:00.000,After_hack,0.05202354343,0.05968438487,0.05950183573,0.05430394691
2024-02-21 00:00:00.000,After_hack,0.05583508026,0.05694167152,0.05688222124,0.05630056499
2024-02-20 00:00:00.000,After_hack,0.05530541781,0.05787230395,0.05761244912,0.05648832774
2024-02-19 00:00:00.000,After_hack,0.05552904296,0.05833048825,0.05552904296,0.05794265146
2024-02-18 00:00:00.000,After_hack,0.0542593732,0.05596188766,0.05494402331,0.05590199835
2024-02-17 00:00:00.000,After_hack,0.05444656109,0.05494402331,0.05444656109,0.05494402331
2024-02-16 00:00:00.000,After_hack,0.05207576062,0.05482370417,0.05371756663,0.05477493782
2024-02-15 00:00:00.000,After_hack,0.0518770435,0.05449091167,0.05260769687,0.05334235363
2024-02-14 00:00:00.000,After_hack,0.05227614598,0.05436823657,0.05413533079,0.05270325717
2024-02-13 00:00:00.000,After_hack,0.05383099042,0.05451181203,0.05451181203,0.05383099042
2024-02-12 00:00:00.000,After_hack,0.05397586845,0.05451181203,0.05397586845,0.05451181203
2024-02-11 00:00:00.000,After_hack,0.05354324217,0.05474155141,0.05412647483,0.05395737248
2024-02-10 00:00:00.000,After_hack,0.05360245018,0.05609258923,0.05557327923,0.05434280047
2024-02-09 00:00:00.000,After_hack,0.05557327923,0.05557327923,0.05557327923,0.05557327923
2024-02-08 00:00:00.000,After_hack,0.05557327923,0.05557327923,0.05557327923,0.05557327923
2024-02-07 00:00:00.000,After_hack,0.05493297963,0.05571473332,0.05571473332,0.05557327923
2024-02-06 00:00:00.000,After_hack,0.05462441303,0.05718637289,0.05664369284,0.05519213802
2024-02-05 00:00:00.000,After_hack,0.05588634678,0.0573413139,0.05658311301,0.0566058486
2024-02-04 00:00:00.000,After_hack,0.05497437216,0.05666882372,0.05502382703,0.05666882372
2024-02-03 00:00:00.000,After_hack,0.05394210179,0.05525877918,0.05492805562,0.05503689895
2024-02-02 00:00:00.000,After_hack,0.0531707094,0.05477089157,0.05328673138,0.05477089157
2024-02-01 00:00:00.000,After_hack,0.05195189371,0.05399060859,0.05297969725,0.05360461707
2024-01-31 00:00:00.000,After_hack,0.05220011784,0.05439583539,0.05314212001,0.05307715272
2024-01-30 00:00:00.000,After_hack,0.05295633632,0.05409147188,0.05357321682,0.05295633632
2024-01-29 00:00:00.000,After_hack,0.05334436789,0.05635786339,0.05470577433,0.05375559167
2024-01-28 00:00:00.000,After_hack,0.05432402626,0.06785977014,0.06677689596,0.05508364423
2024-01-27 00:00:00.000,After_hack,0.06650443345,0.06753055938,0.06719992231,0.06687941871
2024-01-26 00:00:00.000,After_hack,0.06689784272,0.0696292105,0.0696292105,0.06724805189
2024-01-25 00:00:00.000,After_hack,0.06891739244,0.07108742507,0.07008515238,0.0696433032
2024-01-24 00:00:00.000,After_hack,0.06922106584,0.07068147947,0.06922106584,0.0701295576
2024-01-23 00:00:00.000,After_hack,0.06306732574,0.06988061356,0.06925893892,0.06934379093
2024-01-22 00:00:00.000,After_hack,0.06878539656,0.07069989514,0.0695088439,0.06878539656
2024-01-21 00:00:00.000,After_hack,0.06743307652,0.06916221971,0.06795116285,0.06916221971
2024-01-20 00:00:00.000,After_hack,0.06691306736,0.07003810843,0.06985022918,0.067485564
2024-01-19 00:00:00.000,After_hack,0.06780920912,0.07075683756,0.07021667498,0.07031987129
2024-01-18 00:00:00.000,After_hack,0.06875089095,0.07515651839,0.07473577129,0.07009195935
2024-01-17 00:00:00.000,After_hack,0.07158020002,0.07533054984,0.07287968512,0.07513313193
2024-01-16 00:00:00.000,After_hack,0.07200784089,0.07671596019,0.07591753162,0.07357893732
2024-01-15 00:00:00.000,After_hack,0.07524633721,0.10089013,0.09896040049,0.07584563123
2024-01-14 00:00:00.000,After_hack,0.0971640745,0.1022419703,0.1008748675,0.1001276793
2024-01-13 00:00:00.000,After_hack,0.0965133113,0.1015297731,0.100552647,0.1015297731
2024-01-12 00:00:00.000,After_hack,0.09817895974,0.10028539,0.10028539,0.09817895974
2024-01-11 00:00:00.000,After_hack,0.09297030052,0.1003684263,0.09297030052,0.09878837062
2024-01-10 00:00:00.000,After_hack,0.09192040965,0.09708801817,0.09379761985,0.09708801817
2024-01-09 00:00:00.000,After_hack,0.09251795917,0.1033927361,0.101886476,0.09315808635
2024-01-08 00:00:00.000,After_hack,0.09782305509,0.1021624421,0.09982736462,0.1003352532
2024-01-07 00:00:00.000,After_hack,0.09880067334,0.1017292749,0.09927966383,0.1001755773
2024-01-06 00:00:00.000,After_hack,0.09741645424,0.1004516865,0.1004516865,0.09862701631
2024-01-05 00:00:00.000,After_hack,0.09796312908,0.1005442074,0.09796312908,0.09957529492
2024-01-04 00:00:00.000,After_hack,0.09553639682,0.1005446215,0.09553639682,0.09897783968
2024-01-03 00:00:00.000,After_hack,0.09513572196,0.1038351971,0.1038351971,0.09625739242
2024-01-02 00:00:00.000,After_hack,0.1025963621,0.1041308311,0.103383812,0.1041308311
2024-01-01 00:00:00.000,After_hack,0.09974277375,0.1037572205,0.09974277375,0.1032591406
2023-12-31 00:00:00.000,After_hack,0.1012600722,0.1372619562,0.1073285709,0.1012600722
2023-12-30 00:00:00.000,After_hack,0.1068080902,0.1170276588,0.116378929,0.1075542055
2023-12-29 00:00:00.000,After_hack,0.114108814,0.117964479,0.117964479,0.1168940109
2023-12-28 00:00:00.000,After_hack,0.1143291961,0.1218926259,0.1201644933,0.1152960659
2023-12-27 00:00:00.000,After_hack,0.116435802,0.1228609128,0.1201850249,0.1211528333
2023-12-26 00:00:00.000,After_hack,0.1135011191,0.1219415015,0.1205077146,0.1203115127
2023-12-25 00:00:00.000,After_hack,0.1164943341,0.1244064197,0.1222354772,0.1223864959
2023-12-24 00:00:00.000,After_hack,0.1177147659,0.1315073882,0.1315073882,0.1238817865
2023-12-23 00:00:00.000,After_hack,0.1289042975,0.1400039894,0.1395758396,0.1296152751
2023-12-22 00:00:00.000,After_hack,0.1313529956,0.1474291037,0.1385851676,0.1387138759
2023-12-21 00:00:00.000,After_hack,0.1269325801,0.1369085854,0.131509555,0.1369085854
2023-12-20 00:00:00.000,After_hack,0.130272714,0.1369300235,0.1308085752,0.1304108368
2023-12-19 00:00:00.000,After_hack,0.1274014596,0.1320747886,0.1274014596,0.1314890877
2023-12-18 00:00:00.000,After_hack,0.1253613707,0.1310833053,0.1310833053,0.1277502102
2023-12-17 00:00:00.000,After_hack,0.1306788477,0.135123217,0.134911744,0.1313953306
2023-12-16 00:00:00.000,After_hack,0.128919447,0.1386306056,0.1349678549,0.1337903039
2023-12-15 00:00:00.000,After_hack,0.07449608056,0.156633988,0.07449608056,0.1357352278
2023-12-14 00:00:00.000,After_hack,0.07265205854,0.07656987143,0.07598861578,0.07385921492
2023-12-13 00:00:00.000,After_hack,0.07450525786,0.07618644797,0.07612546206,0.07598861578
2023-12-12 00:00:00.000,After_hack,0.0695011037,0.07680819509,0.07052624407,0.07547928913
2023-12-11 00:00:00.000,After_hack,0.0680448271,0.07125488527,0.06876679533,0.06998098365
2023-12-10 00:00:00.000,After_hack,0.06581124773,0.0692491138,0.06642228702,0.06862762503
2023-12-09 00:00:00.000,After_hack,0.06547337326,0.06711635459,0.06547337326,0.06642228702
2023-12-08 00:00:00.000,After_hack,0.06547337326,0.06732338408,0.06620598385,0.06547337326
2023-12-07 00:00:00.000,After_hack,0.06545999453,0.06773043453,0.06616733225,0.06620598385
2023-12-06 00:00:00.000,After_hack,0.06540241083,0.06791358187,0.06552080506,0.06616733225
2023-12-05 00:00:00.000,After_hack,0.06561055062,0.06718297906,0.06597685011,0.06598316387
2023-12-04 00:00:00.000,After_hack,0.06599767235,0.06677779512,0.0663032032,0.06639794352
2023-12-03 00:00:00.000,After_hack,0.06585299055,0.06917596129,0.06842265387,0.06591785881
2023-12-02 00:00:00.000,After_hack,0.06566801866,0.06894466453,0.06594620675,0.06888761334
2023-12-01 00:00:00.000,After_hack,0.06581583275,0.06709877665,0.06709877665,0.06581583275
2023-11-30 00:00:00.000,After_hack,0.06597905183,0.06729449364,0.06673782763,0.06709877665
2023-11-29 00:00:00.000,After_hack,0.06572665617,0.06821482271,0.06718402512,0.06670423385
2023-11-28 00:00:00.000,After_hack,0.06718402512,0.06718402512,0.06718402512,0.06718402512
2023-11-27 00:00:00.000,After_hack,0.06599253364,0.06718402512,0.06680713178,0.06718402512
2023-11-26 00:00:00.000,After_hack,0.06660662382,0.06804611834,0.06667220217,0.06706278221
2023-11-25 00:00:00.000,After_hack,0.06612847446,0.06667070529,0.06655079494,0.06665482306
2023-11-24 00:00:00.000,After_hack,0.06590613629,0.06665315991,0.06661875102,0.06635113786
2023-11-23 00:00:00.000,After_hack,0.0662015936,0.06657741629,0.06645327694,0.06645443999
2023-11-22 00:00:00.000,After_hack,0.06563637868,0.06683944359,0.06563637868,0.06645327694
2023-11-21 00:00:00.000,After_hack,0.06513788182,0.06622336208,0.06513788182,0.06622336208
2023-11-20 00:00:00.000,After_hack,0.06513788182,0.06646991309,0.06586457959,0.06513788182
2023-11-19 00:00:00.000,After_hack,0.06586457959,0.06602050643,0.0659155359,0.06586457959
2023-11-18 00:00:00.000,After_hack,0.06566600278,0.06672778149,0.06623072917,0.06604652838
2023-11-17 00:00:00.000,After_hack,0.06542984408,0.06688699318,0.06599920972,0.0661311926
2023-11-16 00:00:00.000,After_hack,0.04853168964,0.05286420551,0.04894020756,0.05274520411
2023-11-15 00:00:00.000,After_hack,0.04746573194,0.04960838112,0.04772744003,0.0488778075
2023-11-14 00:00:00.000,After_hack,0.04647664396,0.04903622537,0.04681797947,0.04816732235
2023-11-13 00:00:00.000,After_hack,0.04660913348,0.04751560761,0.04712789434,0.04660913348
2023-11-12 00:00:00.000,After_hack,0.04690990496,0.04764382812,0.04744219233,0.04724942671
2023-11-11 00:00:00.000,After_hack,0.04668690402,0.04906995972,0.04751394035,0.04723601636
2023-11-10 00:00:00.000,After_hack,0.04547506852,0.04733267537,0.04594583476,0.04691841263
2023-11-09 00:00:00.000,After_hack,0.04550642184,0.04634446286,0.04579541425,0.04575187851
2023-11-08 00:00:00.000,After_hack,0.04579541425,0.04579541425,0.04579541425,0.04579541425
2023-11-07 00:00:00.000,After_hack,0.04579541425,0.04620712437,0.04620712437,0.04579541425
2023-11-06 00:00:00.000,After_hack,0.04557442129,0.04598978939,0.04597016739,0.04598978939
2023-11-05 00:00:00.000,After_hack,0.0455499645,0.04596414449,0.0458195742,0.0455499645
2023-11-04 00:00:00.000,After_hack,0.04485547966,0.04607251427,0.04550478782,0.0456841713
2023-11-03 00:00:00.000,After_hack,0.04458447142,0.04595625658,0.04536304266,0.04498712352
2023-11-02 00:00:00.000,After_hack,0.04507899015,0.04616494486,0.04569231785,0.04575152064
2023-11-01 00:00:00.000,After_hack,0.04582940499,0.04841651683,0.04818581054,0.04582940499
2023-10-31 00:00:00.000,After_hack,0.04791984678,0.04901850204,0.04845324771,0.04796793153
2023-10-30 00:00:00.000,After_hack,0.04821436102,0.04851998553,0.04821436102,0.04851998553
2023-10-29 00:00:00.000,After_hack,0.04821436102,0.04821436102,0.04821436102,0.04821436102
2023-10-28 00:00:00.000,After_hack,0.04821436102,0.04821436102,0.04821436102,0.04821436102
2023-10-27 00:00:00.000,After_hack,0.04778170612,0.04859365442,0.04858408634,0.04821436102
2023-10-26 00:00:00.000,After_hack,0.04685455116,0.04860947538,0.04695139959,0.04813505758
2023-10-25 00:00:00.000,After_hack,0.04666918754,0.04748883677,0.04687559722,0.04716525543
2023-10-24 00:00:00.000,After_hack,0.04630235961,0.0475226548,0.0475226548,0.04676397348
2023-10-23 00:00:00.000,After_hack,0.04610780082,0.04709887394,0.04672606139,0.0464368086
2023-10-22 00:00:00.000,After_hack,0.04657430876,0.04699038593,0.04660997537,0.04672606139
2023-10-21 00:00:00.000,After_hack,0.04581543418,0.04757201439,0.04581543418,0.04757201439
2023-10-20 00:00:00.000,After_hack,0.04581543418,0.04581543418,0.04581543418,0.04581543418
2023-10-19 00:00:00.000,After_hack,0.04581543418,0.04581543418,0.04581543418,0.04581543418
2023-10-18 00:00:00.000,After_hack,0.04556746958,0.04644580228,0.04644580228,0.04581543418
2023-10-17 00:00:00.000,After_hack,0.04605398121,0.04651412912,0.04637531541,0.04644580228
2023-10-16 00:00:00.000,After_hack,0.04499243594,0.04650892922,0.04499243594,0.04650892922
2023-10-15 00:00:00.000,After_hack,0.04451646904,0.04540289694,0.04451646904,0.04517443854
2023-10-14 00:00:00.000,After_hack,0.04451646904,0.04451646904,0.04451646904,0.04451646904
2023-10-13 00:00:00.000,After_hack,0.04451646904,0.04451646904,0.04451646904,0.04451646904
2023-10-12 00:00:00.000,After_hack,0.04451646904,0.04485473685,0.04454255523,0.04451646904
2023-10-11 00:00:00.000,After_hack,0.04445225485,0.04473637,0.04472018989,0.04454255523
2023-10-10 00:00:00.000,After_hack,0.04472018989,0.04535491396,0.04535491396,0.04472018989
2023-10-09 00:00:00.000,After_hack,0.04437155372,0.04782243741,0.04782243741,0.04535491396
2023-10-08 00:00:00.000,After_hack,0.04782243741,0.04782243741,0.04782243741,0.04782243741
2023-10-07 00:00:00.000,After_hack,0.04758868092,0.04794608196,0.04779438638,0.04782243741
2023-10-06 00:00:00.000,After_hack,0.04728410977,0.04813963458,0.04813963458,0.04780654892
2023-10-05 00:00:00.000,After_hack,0.04813963458,0.04813963458,0.04813963458,0.04813963458
2023-10-04 00:00:00.000,After_hack,0.04792687562,0.04828446264,0.04828446264,0.04813963458
2023-10-03 00:00:00.000,After_hack,0.04818404062,0.04860452864,0.04859744608,0.04838566569
2023-10-02 00:00:00.000,After_hack,0.04793822859,0.04922293544,0.04793822859,0.04875809828
2023-10-01 00:00:00.000,After_hack,0.04793822859,0.04890494997,0.04890494997,0.04793822859
2023-09-30 00:00:00.000,After_hack,0.04735166495,0.04886616017,0.04735166495,0.04886616017
2023-09-29 00:00:00.000,After_hack,0.04735166495,0.04735166495,0.04735166495,0.04735166495
2023-09-28 00:00:00.000,After_hack,0.04735166495,0.04735166495,0.04735166495,0.04735166495
2023-09-27 00:00:00.000,After_hack,0.04724025821,0.04756553978,0.04738146081,0.0474917258
2023-09-26 00:00:00.000,After_hack,0.04732244102,0.04746908148,0.0473994244,0.04738146081
2023-09-25 00:00:00.000,After_hack,0.04736271946,0.04756764086,0.04739498154,0.0473994244
2023-09-24 00:00:00.000,After_hack,0.04734395748,0.04986721613,0.04986721613,0.04739498154
2023-09-23 00:00:00.000,After_hack,0.04986721613,0.04986721613,0.04986721613,0.04986721613
2023-09-22 00:00:00.000,After_hack,0.04985364175,0.05013119917,0.05013119917,0.04986721613
2023-09-21 00:00:00.000,After_hack,0.05004786255,0.05039011609,0.05004786255,0.05013119917
2023-09-20 00:00:00.000,After_hack,0.05004786255,0.05004786255,0.05004786255,0.05004786255
2023-09-19 00:00:00.000,After_hack,0.05004786255,0.05012519642,0.05012519642,0.05004786255
2023-09-18 00:00:00.000,After_hack,0.05012519642,0.05012519642,0.05012519642,0.05012519642
2023-09-17 00:00:00.000,After_hack,0.05004786255,0.05012519642,0.05012519642,0.05004786255
2023-09-16 00:00:00.000,After_hack,0.05012519642,0.05012519642,0.05012519642,0.05012519642
2023-09-15 00:00:00.000,After_hack,0.05012519642,0.05012519642,0.05012519642,0.05012519642
2023-09-14 00:00:00.000,After_hack,0.05004786255,0.05012519642,0.05012519642,0.05012519642
2023-09-13 00:00:00.000,After_hack,0.05004786255,0.05023756238,0.0502102473,0.05012519642
2023-09-12 00:00:00.000,After_hack,0.05006232437,0.05147571045,0.05135430178,0.05022516247
2023-09-11 00:00:00.000,After_hack,0.05127314172,0.05161717758,0.05150469474,0.05140646866
2023-09-10 00:00:00.000,After_hack,0.05127702924,0.05177685887,0.05177685887,0.05151085162
2023-09-09 00:00:00.000,After_hack,0.05177685887,0.05177685887,0.05177685887,0.05177685887
2023-09-08 00:00:00.000,After_hack,0.05177685887,0.05177685887,0.05177685887,0.05177685887
2023-09-07 00:00:00.000,After_hack,0.05177685887,0.05177685887,0.05177685887,0.05177685887
2023-09-06 00:00:00.000,After_hack,0.05177685887,0.05177685887,0.05177685887,0.05177685887
2023-09-05 00:00:00.000,After_hack,0.05177685887,0.05177685887,0.05177685887,0.05177685887
2023-09-04 00:00:00.000,After_hack,0.05177685887,0.05178347149,0.05178347149,0.05177685887
2023-09-03 00:00:00.000,After_hack,0.0514344612,0.05193859605,0.0514344612,0.05179112871
2023-09-02 00:00:00.000,After_hack,0.05138758868,0.0516366942,0.05142840353,0.0514344612
2023-09-01 00:00:00.000,After_hack,0.05133671555,0.051793944,0.05172767494,0.05141465279
2023-08-31 00:00:00.000,After_hack,0.05136605237,0.05294430349,0.05290071524,0.05158158587
2023-08-30 00:00:00.000,After_hack,0.05238221291,0.05289312203,0.05276781621,0.05279108136
2023-08-29 00:00:00.000,After_hack,0.05200827047,0.05280961365,0.05255440686,0.05271397058
2023-08-28 00:00:00.000,After_hack,0.05217021431,0.05280569421,0.05278647418,0.0524329453
2023-08-27 00:00:00.000,After_hack,0.05244039135,0.05301064834,0.05244039135,0.05278645155
2023-08-26 00:00:00.000,After_hack,0.0523742846,0.05268200117,0.05249440274,0.05244039135
2023-08-25 00:00:00.000,After_hack,0.05233173015,0.05310626437,0.05310626437,0.05271105807
2023-08-24 00:00:00.000,After_hack,0.0528438832,0.05388128928,0.05297422599,0.05301831254
2023-08-23 00:00:00.000,After_hack,0.05297422599,0.05297422599,0.05297422599,0.05297422599
2023-08-22 00:00:00.000,After_hack,0.05252368446,0.05297422599,0.05287230765,0.05297422599
2023-08-21 00:00:00.000,After_hack,0.05213518635,0.0537747413,0.05213518635,0.05286072793
2023-08-20 00:00:00.000,After_hack,0.05191738864,0.05229721081,0.05191738864,0.05213339862
2023-08-19 00:00:00.000,After_hack,0.05158367305,0.05198513407,0.05190765317,0.05191738864
2023-08-18 00:00:00.000,After_hack,0.05164329171,0.05325044984,0.05230319881,0.05191268054
2023-08-17 00:00:00.000,After_hack,0.05497455697,0.05497455697,0.05497455697,0.05497455697
2023-08-16 00:00:00.000,After_hack,0.05473299378,0.05497455697,0.05474284684,0.05497455697
2023-08-15 00:00:00.000,After_hack,0.05474435548,0.05517074495,0.05478076627,0.05480777827
2023-08-14 00:00:00.000,After_hack,0.05438949255,0.05578397618,0.05566659694,0.05519570294
2023-08-13 00:00:00.000,After_hack,0.05547187007,0.05575736298,0.05547187007,0.05559127607
2023-08-12 00:00:00.000,After_hack,0.05547187007,0.05547187007,0.05547187007,0.05547187007
2023-08-11 00:00:00.000,After_hack,0.05547187007,0.05547187007,0.05547187007,0.05547187007
2023-08-10 00:00:00.000,After_hack,0.05547187007,0.05547187007,0.05547187007,0.05547187007
2023-08-09 00:00:00.000,After_hack,0.05547187007,0.05547187007,0.05547187007,0.05547187007
2023-08-08 00:00:00.000,After_hack,0.0554528825,0.05547187007,0.0554528825,0.05547187007
2023-08-07 00:00:00.000,After_hack,0.0550920496,0.05557872855,0.05518583826,0.05551640233
2023-08-06 00:00:00.000,After_hack,0.05486032617,0.05563955012,0.05486032617,0.0550738728
2023-08-05 00:00:00.000,After_hack,0.05486032617,0.05486032617,0.05486032617,0.05486032617
2023-08-04 00:00:00.000,After_hack,0.05486032617,0.05486032617,0.05486032617,0.05486032617
2023-08-03 00:00:00.000,After_hack,0.05484539941,0.05486032617,0.05484539941,0.05486032617
2023-08-02 00:00:00.000,After_hack,0.05439384682,0.05505693658,0.05453108034,0.05487203707
2023-08-01 00:00:00.000,After_hack,0.05432907162,0.05476554275,0.05458589868,0.05442957582
2023-07-31 00:00:00.000,After_hack,0.05358727967,0.05480102154,0.05452913602,0.05450196728
2023-07-30 00:00:00.000,After_hack,0.05452913602,0.05452913602,0.05452913602,0.05452913602
2023-07-29 00:00:00.000,After_hack,0.05452913602,0.05453059316,0.05453059316,0.05452913602
2023-07-28 00:00:00.000,After_hack,0.05417112423,0.05528410128,0.05528410128,0.05450991835
2023-07-27 00:00:00.000,After_hack,0.05528410128,0.05528410128,0.05528410128,0.05528410128
2023-07-26 00:00:00.000,After_hack,0.05520874239,0.05556247256,0.05520874239,0.05528410128
2023-07-25 00:00:00.000,After_hack,0.05492998757,0.05569145697,0.05568096442,0.05560328331
2023-07-24 00:00:00.000,After_hack,0.05551393453,0.05692635866,0.05692548108,0.05575468725
2023-07-23 00:00:00.000,After_hack,0.05594986685,0.05683173959,0.05594986685,0.05666266238
2023-07-22 00:00:00.000,After_hack,0.05513370742,0.05613894913,0.05513370742,0.05583973799
2023-07-21 00:00:00.000,After_hack,0.05464645936,0.05497695617,0.05466856772,0.05483874151
2023-07-20 00:00:00.000,After_hack,0.05480722147,0.05682112018,0.05615396358,0.05496412698
2023-07-19 00:00:00.000,After_hack,0.05620246312,0.05683425063,0.05668705382,0.05626910841
2023-07-18 00:00:00.000,After_hack,0.05641584011,0.05898440104,0.05859440827,0.05662122138
2023-07-17 00:00:00.000,After_hack,0.05616535735,0.05925814554,0.05638326048,0.05909752024
2023-07-16 00:00:00.000,After_hack,0.05661095458,0.05843615128,0.05728454751,0.05661095458
2023-07-15 00:00:00.000,After_hack,0.05600438188,0.05749857274,0.05621293507,0.05720638451
2023-07-14 00:00:00.000,After_hack,0.05476139913,0.06755274985,0.06097507733,0.05672121239
2023-07-13 00:00:00.000,After_hack,0.06053195604,0.0621841331,0.06193905692,0.06094711343
2023-07-12 00:00:00.000,After_hack,0.06182730076,0.06227732942,0.06208640129,0.06190113456
2023-07-11 00:00:00.000,After_hack,0.06083415239,0.06266817994,0.06084193809,0.06210863233
2023-07-10 00:00:00.000,After_hack,0.06073223587,0.0620391049,0.0620391049,0.06122496891
2023-07-09 00:00:00.000,After_hack,0.0619553773,0.0625555438,0.0619553773,0.0620391049
2023-07-08 00:00:00.000,After_hack,0.06167615228,0.06242988491,0.06219697127,0.06192458788
2023-07-07 00:00:00.000,After_hack,0.06161401518,0.06251873256,0.06167845181,0.06177283597
2023-07-06 00:00:00.000,After_hack,0.06142804034,0.06411918585,0.06251703009,0.06194911873
2023-07-05 00:00:00.000,After_hack,0.06199690845,0.06306678145,0.06249847555,0.06241363589
2023-07-04 00:00:00.000,After_hack,0.06213826536,0.0636246966,0.06248717419,0.06245161761
2023-07-03 00:00:00.000,After_hack,0.06239598735,0.06282681913,0.0626287964,0.06267676695
2023-07-02 00:00:00.000,After_hack,0.06199657883,0.06610358585,0.06556036203,0.06215718369
2023-07-01 00:00:00.000,After_hack,0.06493819985,0.06601922447,0.06493819985,0.06554578436
2023-06-30 00:00:00.000,After_hack,0.06503632933,0.06737040675,0.06600156087,0.06545409208
2023-06-29 00:00:00.000,After_hack,0.06544214548,0.06597737374,0.06558158722,0.06597737374
2023-06-28 00:00:00.000,After_hack,0.06553575142,0.06776947025,0.06740979176,0.06553575142
2023-06-27 00:00:00.000,After_hack,0.0678494312,0.06847882427,0.0678494312,0.06847882427
2023-06-26 00:00:00.000,After_hack,0.06615424912,0.07023136394,0.06654548898,0.06766604488
2023-06-25 00:00:00.000,After_hack,0.06567644415,0.06676142203,0.06567644415,0.06663607801
2023-06-24 00:00:00.000,After_hack,0.06490241403,0.07557262341,0.06532747261,0.0661144693
2023-06-23 00:00:00.000,After_hack,0.0648169429,0.06752709471,0.06516703805,0.0666415108
2023-06-22 00:00:00.000,After_hack,0.0652949267,0.0691589085,0.06838574766,0.0652949267
2023-06-21 00:00:00.000,After_hack,0.06833631688,0.07026390466,0.06863875315,0.06924176222
2023-06-20 00:00:00.000,After_hack,0.06797117606,0.06892103306,0.06856578737,0.06797117606
2023-06-19 00:00:00.000,After_hack,0.06757430629,0.07040555652,0.06986016054,0.06864696145
2023-06-18 00:00:00.000,After_hack,0.06235441017,0.0789496288,0.0789496288,0.06911408749
2023-06-17 00:00:00.000,After_hack,0.0695650104,0.07874300125,0.0707910198,0.07874300125
2023-06-16 00:00:00.000,After_hack,0.06963822202,0.07157990535,0.07063753723,0.07062889991
2023-06-15 00:00:00.000,After_hack,0.06931391643,0.07144178384,0.06976375666,0.07106477405
2023-06-14 00:00:00.000,After_hack,0.06703370087,0.07162326054,0.06743735314,0.06965074133
2023-06-13 00:00:00.000,After_hack,0.06684496527,0.06943771976,0.06787252139,0.06780457404
2023-06-12 00:00:00.000,After_hack,0.06670213864,0.06860718766,0.06774179874,0.06860718766
2023-06-11 00:00:00.000,After_hack,0.06720036093,0.0690037983,0.06763480183,0.0684338279
2023-06-10 00:00:00.000,After_hack,0.06644530417,0.07073705567,0.07063293994,0.06747821308
2023-06-09 00:00:00.000,After_hack,0.06936024339,0.07250010757,0.07149903252,0.07169345192
2023-06-08 00:00:00.000,After_hack,0.06995364944,0.07160972614,0.06995364944,0.07123866212
2023-06-07 00:00:00.000,After_hack,0.06966705979,0.07162301446,0.07135677155,0.06966705979
2023-06-06 00:00:00.000,After_hack,0.0698914771,0.0733257588,0.07270427899,0.07083903122
2023-06-05 00:00:00.000,After_hack,0.07287514812,0.07763168656,0.07763168656,0.07295312097
2023-06-04 00:00:00.000,After_hack,0.07550011817,0.07818653071,0.07550011817,0.0776447459
2023-06-03 00:00:00.000,After_hack,0.07550011817,0.07550254272,0.07550254272,0.07550011817
2023-06-02 00:00:00.000,After_hack,0.07511770027,0.0770025939,0.07580808339,0.0754883488
2023-06-01 00:00:00.000,After_hack,0.07567763346,0.07795377109,0.07779365252,0.07592281353
2023-05-31 00:00:00.000,After_hack,0.07707841708,0.07858926553,0.07818685787,0.07728643666
2023-05-30 00:00:00.000,After_hack,0.07772781598,0.07921358239,0.07873435115,0.07772781598
2023-05-29 00:00:00.000,After_hack,0.07831352333,0.07958538087,0.07958538087,0.07870312772
2023-05-28 00:00:00.000,After_hack,0.07906728489,0.08022581644,0.07968055173,0.07954483051
2023-05-27 00:00:00.000,After_hack,0.07968055173,0.07994964989,0.07975122644,0.07968055173
2023-05-26 00:00:00.000,After_hack,0.07871219634,0.08004743116,0.0788659471,0.07991249353
2023-05-25 00:00:00.000,After_hack,0.07868323663,0.08013032924,0.08008883092,0.07885017168
2023-05-24 00:00:00.000,After_hack,0.07917040544,0.0805767707,0.08041749926,0.08006702869
2023-05-23 00:00:00.000,After_hack,0.08022405145,0.08202707639,0.08047118233,0.08037099619
2023-05-22 00:00:00.000,After_hack,0.06418247709,0.08146513924,0.0793887571,0.08058184483
2023-05-21 00:00:00.000,After_hack,0.07293222425,0.08190188638,0.08174819974,0.07926441375
2023-05-20 00:00:00.000,After_hack,0.07638449262,0.09259601908,0.09218853593,0.08166100224
2023-05-19 00:00:00.000,After_hack,0.06400366162,0.1073451322,0.08754590277,0.09220242848
2023-05-18 00:00:00.000,After_hack,0.08741383906,0.09182817268,0.09177837198,0.08785966593
2023-05-17 00:00:00.000,After_hack,0.09114741378,0.09212249962,0.09166675921,0.09168008247
2023-05-16 00:00:00.000,After_hack,0.09165344901,0.09218696552,0.09198109177,0.09183906783
2023-05-15 00:00:00.000,After_hack,0.08763960612,0.0935546244,0.09220771002,0.09215864296
2023-05-14 00:00:00.000,After_hack,0.07991069827,0.1019555205,0.1018398713,0.09210830052
2023-05-13 00:00:00.000,After_hack,0.1014853251,0.1018465264,0.1017531973,0.1017717921
2023-05-12 00:00:00.000,After_hack,0.1011830955,0.1066051421,0.106274481,0.1011830955
2023-05-11 00:00:00.000,After_hack,0.1060662425,0.1066147047,0.1060662425,0.1063037367
2023-05-10 00:00:00.000,After_hack,0.105830377,0.1067099375,0.1064586051,0.1063131848
2023-05-09 00:00:00.000,After_hack,0.1060483862,0.1081395396,0.1080406855,0.1065332879
2023-05-08 00:00:00.000,After_hack,0.1066042019,0.1291079058,0.1253789215,0.1070834134
2023-05-07 00:00:00.000,After_hack,0.1123798166,0.125283747,0.1131518557,0.125283747
2023-05-06 00:00:00.000,After_hack,0.1126932484,0.1149942316,0.1149942316,0.1131518517
2023-05-05 00:00:00.000,After_hack,0.1030113367,0.114826257,0.1064304592,0.1144427202
2023-05-04 00:00:00.000,After_hack,0.1051161825,0.121614152,0.1212736813,0.1064145685
2023-05-03 00:00:00.000,After_hack,0.1160943953,0.133740505,0.1332820734,0.1211658056
2023-05-02 00:00:00.000,After_hack,0.1235860745,0.1338665186,0.13297325,0.1325181784
2023-05-01 00:00:00.000,After_hack,0.1251934808,0.1350205083,0.1318524275,0.1333292258
2023-04-30 00:00:00.000,After_hack,0.117006793,0.1344767931,0.1177164251,0.1327667306
2023-04-29 00:00:00.000,After_hack,0.112135578,0.1181221073,0.113285068,0.117701788
2023-04-28 00:00:00.000,After_hack,0.1127017116,0.1145260325,0.1139663909,0.113063139
2023-04-27 00:00:00.000,After_hack,0.1137912533,0.1159551686,0.1152487969,0.1145065
2023-04-26 00:00:00.000,After_hack,0.1136168615,0.1173942293,0.117329602,0.115490552
2023-04-25 00:00:00.000,After_hack,0.1116365419,0.1172827483,0.1159986485,0.117176925
2023-04-24 00:00:00.000,After_hack,0.1103318363,0.1209011863,0.1208416819,0.1141335623
2023-04-23 00:00:00.000,After_hack,0.1197763724,0.1229041429,0.1202928294,0.1205018656
2023-04-22 00:00:00.000,After_hack,0.1197057466,0.1304338774,0.1209510139,0.1202126293
2023-04-21 00:00:00.000,After_hack,0.1159438207,0.1295897297,0.1247164676,0.1218986788
2023-04-20 00:00:00.000,After_hack,0.1212111353,0.1269817348,0.1260343666,0.1249973944
2023-04-19 00:00:00.000,After_hack,0.1246681461,0.1449686782,0.1449686782,0.1262450613
2023-04-18 00:00:00.000,After_hack,0.1377699763,0.1584482903,0.1377699763,0.1480100877
2023-04-17 00:00:00.000,After_hack,0.1379036328,0.150154971,0.1415668752,0.1392930325
2023-04-16 00:00:00.000,After_hack,0.1349431045,0.1504257671,0.1365359993,0.1419290324
2023-04-15 00:00:00.000,After_hack,0.1396943757,0.14541969,0.1401533863,0.1426426514
2023-04-14 00:00:00.000,After_hack,0.1373133715,0.1582574795,0.1411169927,0.1403244912
2023-04-13 00:00:00.000,After_hack,0.1354008753,0.1457813339,0.1401722277,0.1418911516
2023-04-12 00:00:00.000,After_hack,0.1101477109,0.1950789736,0.112919132,0.1380534234
2023-04-11 00:00:00.000,After_hack,0.1067235131,0.1130867237,0.1081035553,0.1121534912
2023-04-10 00:00:00.000,After_hack,0.09473194721,0.1152594749,0.09902216387,0.1078230641
2023-04-09 00:00:00.000,After_hack,0.08457335323,0.1153432227,0.09173366378,0.09709374782
2023-04-08 00:00:00.000,After_hack,0.08762492271,0.1105034648,0.109643784,0.09151648359
2023-04-07 00:00:00.000,After_hack,0.1066732254,0.1228630129,0.1101916987,0.1094219879
2023-04-06 00:00:00.000,After_hack,0.1060440125,0.1172976571,0.1115836648,0.1153814605
2023-04-05 00:00:00.000,After_hack,0.08501757055,0.1139663881,0.09673978231,0.1058448709
2023-04-04 00:00:00.000,After_hack,0.09059167126,0.117341717,0.117341717,0.09567980496
2023-04-03 00:00:00.000,After_hack,0.0980054743,0.1244682751,0.1192032994,0.1141110938
2023-04-02 00:00:00.000,After_hack,0.114289992,0.1428734582,0.134231543,0.1214432865
2023-04-01 00:00:00.000,After_hack,0.130069145,0.1419463145,0.1349443645,0.1368540327
2023-03-31 00:00:00.000,After_hack,0.1201926687,0.1462935585,0.135140962,0.1345121938
2023-03-30 00:00:00.000,After_hack,0.1157554574,0.146161672,0.1247699599,0.1167499517
2023-03-29 00:00:00.000,After_hack,0.1171677134,0.1558011624,0.1394680119,0.1265371043
2023-03-28 00:00:00.000,After_hack,0.09893544803,0.1741707891,0.1004562088,0.1741707891
2023-03-27 00:00:00.000,After_hack,0.09200703238,0.1141365976,0.1134194161,0.1017537275
2023-03-26 00:00:00.000,After_hack,0.1093696942,0.1148562286,0.1135982571,0.1131192441
2023-03-25 00:00:00.000,After_hack,0.108705493,0.114683712,0.1118257123,0.1105638052
2023-03-24 00:00:00.000,After_hack,0.1043792877,0.1266784894,0.1265802084,0.1125557273
2023-03-23 00:00:00.000,After_hack,0.1044331362,0.128288864,0.1122312396,0.1271859474
2023-03-22 00:00:00.000,After_hack,0.1100832239,0.1211269788,0.1109465697,0.1145276375
2023-03-21 00:00:00.000,After_hack,0.1101688756,0.1409961976,0.1325416113,0.1117142917
2023-03-20 00:00:00.000,After_hack,0.1279092388,0.1670485791,0.1670485791,0.1356226867
2023-03-19 00:00:00.000,After_hack,0.1277731383,0.1659211165,0.1290982213,0.1293546164
2023-03-18 00:00:00.000,After_hack,0.1097736906,0.1620731334,0.1114969865,0.130865278
2023-03-17 00:00:00.000,After_hack,0.1057504205,0.1106945758,0.1098073122,0.1091301905
2023-03-16 00:00:00.000,After_hack,0.1051403871,0.4015496562,0.1059311914,0.1097728612
2023-03-15 00:00:00.000,After_hack,0.1054318357,0.3581078651,0.1094848323,0.1071890468
2023-03-14 00:00:00.000,After_hack,0.10635587,0.1093088224,0.1081305213,0.10635587
2023-03-13 00:00:00.000,After_hack,0.1065499119,0.1107859947,0.1091202086,0.107958813
2023-03-12 00:00:00.000,After_hack,0.09979299698,0.1100335186,0.1088154148,0.1082904301
2023-03-11 00:00:00.000,After_hack,0.0393033962,0.1086654829,0.0425888154,0.1086654829
2023-03-10 00:00:00.000,After_hack,0.03851711345,0.1062619424,0.1055858132,0.04539118451
2023-03-09 00:00:00.000,After_hack,0.04170578778,0.1074066506,0.105153828,0.1058742712
2023-03-08 00:00:00.000,After_hack,0.04359545456,0.1061313832,0.1040284989,0.1061313832
2023-03-07 00:00:00.000,After_hack,0.0430873548,0.1064046758,0.1060638286,0.1038475553
2023-03-06 00:00:00.000,After_hack,0.04356384169,0.1062000151,0.1020753045,0.1062000151
2023-03-05 00:00:00.000,After_hack,0.04221737823,0.1041412739,0.1034482507,0.1025066519
2023-03-04 00:00:00.000,After_hack,0.04267676437,0.1015584435,0.05708889264,0.04556943937
2023-03-03 00:00:00.000,After_hack,0.05093294451,0.1000926934,0.07789715559,0.05494183903
2023-03-02 00:00:00.000,After_hack,0.07023482378,0.1000159982,0.09508115198,0.09927769645
2023-03-01 00:00:00.000,After_hack,0.091122666,0.09778443434,0.09398534132,0.09703928756
2023-02-28 00:00:00.000,After_hack,0.09051608652,0.096264747,0.09370089123,0.09508437365
2023-02-27 00:00:00.000,After_hack,0.09085295128,0.09690987078,0.0936237382,0.09392134897
2023-02-26 00:00:00.000,After_hack,0.08995951147,0.09661972373,0.09495897792,0.09296557999
2023-02-25 00:00:00.000,After_hack,0.08964154964,0.09902324076,0.09455788443,0.09734303924
2023-02-24 00:00:00.000,After_hack,0.09126447122,0.09840945712,0.09467423777,0.09546139923
2023-02-23 00:00:00.000,After_hack,0.08841543733,0.09726265648,0.09547478777,0.09444110202
2023-02-22 00:00:00.000,After_hack,0.09111796864,0.09753910757,0.09578906996,0.09358329228
2023-02-21 00:00:00.000,After_hack,0.08915580833,0.09760075403,0.09284905827,0.09619257702
2023-02-20 00:00:00.000,After_hack,0.09115076905,0.1087279798,0.09487008446,0.09654366614
2023-02-19 00:00:00.000,After_hack,0.09140256863,0.0987449667,0.09439964159,0.0971424203
2023-02-18 00:00:00.000,After_hack,0.09096501446,0.09740672433,0.09433563773,0.09533903337
2023-02-17 00:00:00.000,After_hack,0.09116070369,0.0982945014,0.09467777683,0.0922937588
2023-02-16 00:00:00.000,After_hack,0.08086826956,0.109952338,0.1099446573,0.09286471412
2023-02-15 00:00:00.000,After_hack,0.09670780015,0.1073312508,0.09689691966,0.104152615
2023-02-14 00:00:00.000,After_hack,0.09657155352,0.09695231715,0.09670826233,0.09674718578
2023-02-13 00:00:00.000,After_hack,0.0963995836,0.09726335416,0.09688984164,0.09687255698
2023-02-12 00:00:00.000,After_hack,0.09668001023,0.09727651599,0.0968702219,0.09706985597
2023-02-11 00:00:00.000,After_hack,0.09652647698,0.09747594595,0.09652647698,0.09680557523
2023-02-10 00:00:00.000,After_hack,0.09660393412,0.097031085,0.09675135801,0.09669357496
2023-02-09 00:00:00.000,After_hack,0.09655367449,0.1000192446,0.09997113836,0.09688483748
2023-02-08 00:00:00.000,After_hack,0.09949705484,0.1013254882,0.1008618585,0.09977388021
2023-02-07 00:00:00.000,After_hack,0.09056036379,0.1076129786,0.105985802,0.101182662
2023-02-06 00:00:00.000,After_hack,0.09121893143,0.1059855589,0.1057721253,0.1058846291
2023-02-05 00:00:00.000,After_hack,0.09147171896,0.1061948992,0.1056905415,0.1058815584
2023-02-04 00:00:00.000,After_hack,0.1055071601,0.1058922336,0.105624125,0.1056369442
2023-02-03 00:00:00.000,After_hack,0.08917735643,0.1060199664,0.1060199664,0.1056134779
2023-02-02 00:00:00.000,After_hack,0.08761591459,0.1062564482,0.1057971872,0.08761591459
2023-02-01 00:00:00.000,After_hack,0.1041385828,0.1059977971,0.104808915,0.1057838734
2023-01-31 00:00:00.000,After_hack,0.1053336686,0.1058696155,0.1057092735,0.1054759392
2023-01-30 00:00:00.000,After_hack,0.08437731493,0.105957024,0.0851292248,0.1056471978
2023-01-29 00:00:00.000,After_hack,0.08371885769,0.1067398549,0.08371885769,0.08569646633
2023-01-28 00:00:00.000,After_hack,0.08262988271,0.1069458315,0.1068176657,0.0839880898
2023-01-27 00:00:00.000,After_hack,0.08435790251,0.1069736305,0.1067733291,0.1069736305
2023-01-26 00:00:00.000,After_hack,0.08272011141,0.1071725779,0.1066439151,0.1066580891
2023-01-25 00:00:00.000,After_hack,0.09131534237,0.1070477531,0.09131534237,0.1063883225
2023-01-24 00:00:00.000,After_hack,0.09067020002,0.1071848062,0.1067559058,0.09067020002
2023-01-23 00:00:00.000,After_hack,0.1046767934,0.1072856559,0.1052822917,0.1066946745
2023-01-22 00:00:00.000,After_hack,0.1049841766,0.1075725834,0.1075472428,0.1049841766
2023-01-21 00:00:00.000,After_hack,0.1072245271,0.107822616,0.1076050717,0.1075732234
2023-01-20 00:00:00.000,After_hack,0.1070166939,0.1076855378,0.1071517429,0.1074203774
2023-01-19 00:00:00.000,After_hack,0.1070171296,0.1074827762,0.107256997,0.1070438996
2023-01-18 00:00:00.000,After_hack,0.106961535,0.1076524522,0.1071726499,0.1071044479
2023-01-17 00:00:00.000,After_hack,0.1066309182,0.1098920588,0.1095854259,0.107132101
2023-01-16 00:00:00.000,After_hack,0.109082251,0.1100810356,0.1092423554,0.1093892254
2023-01-15 00:00:00.000,After_hack,0.1090236182,0.1103906162,0.1094606698,0.1095938501
2023-01-14 00:00:00.000,After_hack,0.108038854,0.111490734,0.1090415137,0.1095145514
2023-01-13 00:00:00.000,After_hack,0.1078089055,0.1114877365,0.1087630475,0.1085551317
2023-01-12 00:00:00.000,After_hack,0.1063673625,0.1114126927,0.1105587271,0.1099529797
2023-01-11 00:00:00.000,After_hack,0.1079904361,0.1114030597,0.1107964138,0.1084817213
2023-01-10 00:00:00.000,After_hack,0.1085084298,0.1108635417,0.108782359,0.1097311538
2023-01-09 00:00:00.000,After_hack,0.1074660515,0.1196958115,0.1101323284,0.1099638296
2023-01-08 00:00:00.000,After_hack,0.1081307225,0.1215752504,0.1197831305,0.1097615573
2023-01-07 00:00:00.000,After_hack,0.09738137973,0.1272398607,0.1186492229,0.1209437485
2023-01-06 00:00:00.000,After_hack,0.09795559645,0.1200046419,0.09877471714,0.1177461561
2023-01-05 00:00:00.000,After_hack,0.09747265192,0.1121907837,0.09762230588,0.1003739424
2023-01-04 00:00:00.000,After_hack,0.09774387539,0.112957086,0.09950968716,0.09774387539
2023-01-03 00:00:00.000,After_hack,0.09336731548,0.1086024878,0.09643764578,0.1006013253
2023-01-02 00:00:00.000,After_hack,0.09521796041,0.096421284,0.09551227833,0.09521796041
2023-01-01 00:00:00.000,After_hack,0.0944468167,0.09660946582,0.09566959609,0.09620045741
2022-12-31 00:00:00.000,After_hack,0.0954565319,0.0992757292,0.09732225584,0.09581624923
2022-12-30 00:00:00.000,After_hack,0.09692313908,0.09947500697,0.09800096922,0.09859064367
2022-12-29 00:00:00.000,After_hack,0.09721608439,0.09971919308,0.09845624536,0.09938692371
2022-12-28 00:00:00.000,After_hack,0.09707136204,0.09972873746,0.09888025932,0.09841497562
2022-12-27 00:00:00.000,After_hack,0.09736360923,0.09948240105,0.09813354572,0.09887257742
2022-12-26 00:00:00.000,After_hack,0.09439849028,0.1110041935,0.1088527517,0.09453601604
2022-12-25 00:00:00.000,After_hack,0.1080399708,0.1139469531,0.1089400095,0.1087098883
2022-12-24 00:00:00.000,After_hack,0.1039823566,0.1106855161,0.1040602476,0.1096491436
2022-12-23 00:00:00.000,After_hack,0.09816136156,0.1041950653,0.09946600592,0.1039800754
2022-12-22 00:00:00.000,After_hack,0.09741370948,0.09992411484,0.09945745186,0.0983675631
2022-12-21 00:00:00.000,After_hack,0.08872969572,0.1014442988,0.1014442988,0.09935129028
2022-12-20 00:00:00.000,After_hack,0.08835141011,0.1469963085,0.1035770831,0.08985862438
2022-12-19 00:00:00.000,After_hack,0.1038021508,0.147453861,0.1451657261,0.1038021508
2022-12-18 00:00:00.000,After_hack,0.1084864262,0.1756601799,0.1106156726,0.1448710858
2022-12-17 00:00:00.000,After_hack,0.1075965626,0.1118008494,0.1116996416,0.1092118256
2022-12-16 00:00:00.000,After_hack,0.1079731948,0.1114170014,0.108752842,0.1101885979
2022-12-15 00:00:00.000,After_hack,0.09826995637,0.1116615856,0.1097687891,0.1098865758
2022-12-14 00:00:00.000,After_hack,0.09776269386,0.1103730557,0.1095074322,0.109965729
2022-12-13 00:00:00.000,After_hack,0.09960923453,0.1116855641,0.1094556461,0.1099478526
2022-12-12 00:00:00.000,After_hack,0.1078471478,0.1110349739,0.1100540095,0.1102479781
2022-12-11 00:00:00.000,After_hack,0.1078940733,0.1168251618,0.1092746882,0.1097602365
2022-12-10 00:00:00.000,After_hack,0.1052563322,0.1092249281,0.1058724652,0.107252282
2022-12-09 00:00:00.000,After_hack,0.1043609678,0.1163517337,0.1091184852,0.105735981
2022-12-08 00:00:00.000,After_hack,0.07884184205,0.1100432059,0.089286947,0.1088381948
2022-12-07 00:00:00.000,After_hack,0.08772722224,0.09357984581,0.08864387084,0.08974834664
2022-12-06 00:00:00.000,After_hack,0.08826914042,0.0935595717,0.08867409006,0.08956764845
2022-12-05 00:00:00.000,After_hack,0.08820363381,0.09373240227,0.09353572483,0.09023949715
2022-12-04 00:00:00.000,After_hack,0.08608677099,0.09780611933,0.0888100862,0.0936247919
2022-12-03 00:00:00.000,After_hack,0.08585459382,0.09026174907,0.08887283633,0.08962793952
2022-12-02 00:00:00.000,After_hack,0.08618253528,0.1087694106,0.08680341206,0.08955876367
2022-12-01 00:00:00.000,After_hack,0.07798665369,0.1227459523,0.0982163511,0.1199931409
2022-11-30 00:00:00.000,After_hack,0.08407971317,0.09987112851,0.09805389388,0.09753894542
2022-11-29 00:00:00.000,After_hack,0.08165638687,0.1003535655,0.09762225544,0.09884883974
2022-11-28 00:00:00.000,After_hack,0.09756253099,0.102401039,0.1014947517,0.09756253099
2022-11-27 00:00:00.000,After_hack,0.1010052418,0.102488028,0.1010855477,0.1021790846
2022-11-26 00:00:00.000,After_hack,0.1012012946,0.1025445561,0.1025445561,0.1022392025
2022-11-25 00:00:00.000,After_hack,0.09690972555,0.1189811659,0.09990712753,0.1012949658
2022-11-24 00:00:00.000,After_hack,0.09349018401,0.09921770645,0.09547039453,0.09921770645
2022-11-23 00:00:00.000,After_hack,0.09602935096,0.1138634493,0.1138634493,0.09664899842
2022-11-22 00:00:00.000,After_hack,0.09287966992,0.1166742498,0.1068564184,0.1138331057
2022-11-21 00:00:00.000,After_hack,0.1003210821,0.1108487045,0.11039884,0.1057560614
2022-11-20 00:00:00.000,After_hack,0.1086056451,0.1132469218,0.109968487,0.1106360255
2022-11-19 00:00:00.000,After_hack,0.1083073543,0.1208396879,0.1204575941,0.1109375291
2022-11-18 00:00:00.000,After_hack,0.1195404608,0.1415370088,0.1415370088,0.1200035264
2022-11-17 00:00:00.000,After_hack,0.1182288482,0.1277431701,0.1208106234,0.1202870358
2022-11-16 00:00:00.000,After_hack,0.1118421107,0.1665821493,0.1579781265,0.1206702475
2022-11-15 00:00:00.000,After_hack,0.0786900164,0.1798504676,0.0786900164,0.1333553184
2022-11-14 00:00:00.000,After_hack,0.07116881009,0.09366786139,0.08052487594,0.09125357284
2022-11-13 00:00:00.000,After_hack,0.07363236947,0.1178772266,0.09952573356,0.07363236947
2022-11-12 00:00:00.000,After_hack,0.0939486301,0.1069679085,0.1069223222,0.09837624202
2022-11-11 00:00:00.000,After_hack,0.09846763952,0.1503603733,0.1262122561,0.1073694996
2022-11-10 00:00:00.000,After_hack,0.07680615973,0.1473659345,0.07680615973,0.1229203334
2022-11-09 00:00:00.000,After_hack,0.07799613538,0.1317174737,0.1211452967,0.0991180195
2022-11-08 00:00:00.000,After_hack,0.118941166,0.2591376182,0.2591376182,0.1194911357
2022-11-07 00:00:00.000,After_hack,0.05476309425,0.3344182872,0.05476309425,0.2973751957
2022-11-06 00:00:00.000,After_hack,0.05430605477,0.05565817029,0.05486669766,0.05451934476
2022-11-05 00:00:00.000,After_hack,0.05374271068,0.05575581785,0.05503896761,0.05528412252
2022-11-04 00:00:00.000,After_hack,0.05519175558,0.05715456244,0.05585223918,0.05519175558
2022-11-03 00:00:00.000,After_hack,0.05495625222,0.05652147424,0.05540928796,0.05554298011
2022-11-02 00:00:00.000,After_hack,0.05515360063,0.0601975148,0.05876107749,0.05515360063
2022-11-01 00:00:00.000,After_hack,0.05598928108,0.07554623529,0.07291534427,0.05845112635
2022-10-31 00:00:00.000,After_hack,0.07263035659,0.07490158289,0.07399275026,0.07298662687
2022-10-30 00:00:00.000,After_hack,0.07326293114,0.07454114452,0.07348405882,0.07336886919
2022-10-29 00:00:00.000,After_hack,0.07353621025,0.0759423273,0.07522660733,0.07375696876
2022-10-28 00:00:00.000,After_hack,0.07527648428,0.07732543272,0.07655694701,0.07533564074
2022-10-27 00:00:00.000,After_hack,0.07747694328,0.07997720751,0.07973135653,0.07825021352
2022-10-26 00:00:00.000,After_hack,0.07953518609,0.08114225969,0.0808913385,0.0795839128
2022-10-25 00:00:00.000,After_hack,0.08005471389,0.08701841106,0.08092762687,0.08092548401
2022-10-24 00:00:00.000,After_hack,0.08394552798,0.09209545374,0.08931148386,0.09203966759
2022-10-23 00:00:00.000,After_hack,0.08877367158,0.0922399492,0.0922399492,0.08877367158
2022-10-22 00:00:00.000,After_hack,0.08851901247,0.09304737837,0.09156357566,0.09157531789
2022-10-21 00:00:00.000,After_hack,0.08889973536,0.09636194593,0.0896702923,0.08999690423
2022-10-20 00:00:00.000,After_hack,0.08840822263,0.09812910909,0.09567744035,0.08981895791
2022-10-19 00:00:00.000,After_hack,0.0788037049,0.09319807001,0.08156203099,0.09319807001
2022-10-18 00:00:00.000,After_hack,0.07890711807,0.089899288,0.08870508453,0.07946839621
2022-10-17 00:00:00.000,After_hack,0.08699136836,0.09186512086,0.09175593733,0.08895513161
2022-10-16 00:00:00.000,After_hack,0.08505955267,0.09186293371,0.08880265879,0.09186293371
2022-10-15 00:00:00.000,After_hack,0.08767384049,0.1012069243,0.09583201309,0.08947006085
2022-10-14 00:00:00.000,After_hack,0.08961299738,0.09751305799,0.09221610597,0.09618481767
2022-10-13 00:00:00.000,After_hack,0.09154593746,0.1094004238,0.1063012851,0.09407067305
2022-10-12 00:00:00.000,After_hack,0.07946944496,0.1067933454,0.09113964787,0.1065076632
2022-10-11 00:00:00.000,After_hack,0.09136827717,0.09741569013,0.09352866451,0.09324219735
2022-10-10 00:00:00.000,After_hack,0.08648090712,0.1062746745,0.1018537116,0.09368068581
2022-10-09 00:00:00.000,After_hack,0.09225148966,0.1129580437,0.09292546893,0.09836765312
2022-10-08 00:00:00.000,After_hack,0.08364481425,0.110723,0.09452937374,0.09317706403
2022-10-07 00:00:00.000,After_hack,0.09457292089,0.1047541934,0.1018932741,0.09482945304
2022-10-06 00:00:00.000,After_hack,0.09424607881,0.1140647691,0.1140647691,0.09865625077
2022-10-05 00:00:00.000,After_hack,0.09983754142,0.1174266774,0.099991671,0.1091657778
2022-10-04 00:00:00.000,After_hack,0.1050544965,0.1349102888,0.1279999126,0.1050544965
2022-10-03 00:00:00.000,After_hack,0.10611788,0.1314635017,0.111727365,0.1255175997
2022-10-02 00:00:00.000,After_hack,0.1102738338,0.1446611802,0.1104988347,0.1116115359
2022-10-01 00:00:00.000,After_hack,0.1104946592,0.1361445739,0.1237503424,0.1105123326
2022-09-30 00:00:00.000,After_hack,0.1128680505,0.1255618933,0.1130295999,0.1255618933
2022-09-29 00:00:00.000,After_hack,0.1124452035,0.1456982623,0.1388439788,0.1124452035
2022-09-28 00:00:00.000,After_hack,0.1265706915,0.1452792716,0.1276418283,0.142770459
2022-09-27 00:00:00.000,After_hack,0.1247348328,0.1529442617,0.1320335837,0.1247348328
2022-09-26 00:00:00.000,After_hack,0.1306149424,0.1511862288,0.1336035759,0.1325260889
2022-09-25 00:00:00.000,After_hack,0.1332230425,0.1792757335,0.157168502,0.1332230425
2022-09-24 00:00:00.000,After_hack,0.1308903852,0.1612787189,0.1612787189,0.1551517173
2022-09-23 00:00:00.000,After_hack,0.1310763314,0.15524839,0.1331492664,0.1516894003
2022-09-22 00:00:00.000,After_hack,0.1283010279,0.135521536,0.1314530983,0.1334199198
2022-09-21 00:00:00.000,After_hack,0.1245983633,0.1385266017,0.1308749689,0.1312057774
2022-09-20 00:00:00.000,After_hack,0.1306552909,0.1461701004,0.1460278819,0.1315649799
2022-09-19 00:00:00.000,After_hack,0.1404314698,0.152757201,0.1500749786,0.1457881694
2022-09-18 00:00:00.000,After_hack,0.152494604,0.1646297667,0.1609253187,0.1536427275
2022-09-17 00:00:00.000,After_hack,0.1579358199,0.1779809048,0.169721227,0.1610526952
2022-09-16 00:00:00.000,After_hack,0.1433635507,0.1847126293,0.1433635507,0.169599384
2022-09-15 00:00:00.000,After_hack,0.2144595624,0.3044932974,0.3042449057,0.2161832219
2022-09-14 00:00:00.000,After_hack,0.2552863685,0.3226208919,0.2991479708,0.30413245
2022-09-13 00:00:00.000,After_hack,0.1977157818,0.3108940618,0.2171585979,0.3004181267
2022-09-12 00:00:00.000,After_hack,0.2080695232,0.2282932281,0.2244803644,0.2181762379
2022-09-11 00:00:00.000,After_hack,0.2266059221,0.2415525581,0.2372101324,0.2285135464
2022-09-10 00:00:00.000,After_hack,0.2280890039,0.2385785739,0.2342215842,0.2356340385
2022-09-09 00:00:00.000,After_hack,0.2107676109,0.247067049,0.233948043,0.2373372519
2022-09-08 00:00:00.000,After_hack,0.2296547547,0.3772241121,0.3622989723,0.2341497761
2022-09-07 00:00:00.000,After_hack,0.3378566885,0.3760068972,0.3593027526,0.3677458685
2022-09-06 00:00:00.000,After_hack,0.3431090065,0.3886938214,0.3431090065,0.3719040401
2022-09-05 00:00:00.000,After_hack,0.2570863236,0.3426714321,0.2610243485,0.3319591936
2022-09-04 00:00:00.000,After_hack,0.2582750427,0.2759452345,0.2719042352,0.2653904716
2022-09-03 00:00:00.000,After_hack,0.2628055208,0.27953594,0.277279941,0.2758249884
2022-09-02 00:00:00.000,After_hack,0.2578225052,0.296001164,0.2955170188,0.2718855804
2022-09-01 00:00:00.000,After_hack,0.2772737233,0.2968484293,0.2778711336,0.2959660842
2022-08-31 00:00:00.000,After_hack,0.2656081405,0.2871311721,0.2656081405,0.2777855027
2022-08-30 00:00:00.000,After_hack,0.2539727916,0.2679784729,0.2676381936,0.2654893384
2022-08-29 00:00:00.000,After_hack,0.2454934106,0.2665803158,0.2465723604,0.2649455366
2022-08-28 00:00:00.000,After_hack,0.2468796401,0.2538605533,0.2529356982,0.2489677257
2022-08-27 00:00:00.000,After_hack,0.2512841125,0.2606847281,0.2606847281,0.2520953523
2022-08-26 00:00:00.000,After_hack,0.2585163976,0.2842034598,0.2819946265,0.259951945
2022-08-25 00:00:00.000,After_hack,0.2807597887,0.3093193364,0.3075751942,0.2810349898
2022-08-24 00:00:00.000,After_hack,0.2843867501,0.3150190587,0.3072354203,0.3076424253
2022-08-23 00:00:00.000,After_hack,0.2557117342,0.3050912676,0.2979363768,0.2982203454
2022-08-22 00:00:00.000,After_hack,0.2619940287,0.3554964684,0.3525898697,0.2910882585
2022-08-21 00:00:00.000,After_hack,0.292143363,0.3506600898,0.2927829636,0.3503814801
2022-08-20 00:00:00.000,After_hack,0.2930302934,0.3433765698,0.3009925513,0.2930302934
2022-08-19 00:00:00.000,After_hack,0.2954268027,0.3503993647,0.3361662439,0.2979275208
2022-08-18 00:00:00.000,After_hack,0.2756963565,0.3390632091,0.2995410352,0.3020880433
2022-08-17 00:00:00.000,After_hack,0.2991095774,0.3915094806,0.3868481404,0.3082475446
2022-08-16 00:00:00.000,After_hack,0.3598580218,0.3918841521,0.3711478375,0.3814090761
2022-08-15 00:00:00.000,After_hack,0.3657879902,0.3880867987,0.3844818556,0.3678804138
2022-08-14 00:00:00.000,After_hack,0.376710563,0.478420222,0.4565315748,0.3917348745
2022-08-13 00:00:00.000,After_hack,0.4540182144,0.5033904778,0.4899285804,0.4563698105
2022-08-12 00:00:00.000,After_hack,0.4875500632,0.5160943646,0.5122149274,0.4914108769
2022-08-11 00:00:00.000,After_hack,0.46661813,0.5185090813,0.46661813,0.5118486987
2022-08-10 00:00:00.000,After_hack,0.4652694855,0.507984088,0.4948968221,0.4680197127
2022-08-09 00:00:00.000,After_hack,0.493947732,0.5382046636,0.4983601804,0.493947732
2022-08-08 00:00:00.000,After_hack,0.4904684666,0.5502371928,0.5502371928,0.4978414833
2022-08-07 00:00:00.000,After_hack,0.5142971411,0.5996271463,0.5965650787,0.5641120579
2022-08-06 00:00:00.000,After_hack,0.59132697,0.683156997,0.6369716578,0.59132697
2022-08-05 00:00:00.000,After_hack,0.6383249711,0.7756139644,0.7036043527,0.6495766273
2022-08-04 00:00:00.000,After_hack,0.6596964114,0.7605279441,0.7605279441,0.6944545273
2022-08-03 00:00:00.000,After_hack,0.5579106319,0.7508061361,0.6292283386,0.7508061361
2022-08-02 00:00:00.000,After_hack,0.6270793427,0.7123282997,0.7012286719,0.6273638595
2022-08-01 00:00:00.000,After_hack,0.6402562023,0.7507049228,0.7132227129,0.7507049228
2022-07-31 00:00:00.000,After_hack,0.7299945935,0.9140672396,0.9057697715,0.7452471041
2022-07-30 00:00:00.000,After_hack,0.9213241188,1.080570307,0.9876259584,0.9213241188
2022-07-29 00:00:00.000,After_hack,0.8141030527,1.580559717,1.364743282,0.983355609
2022-07-28 00:00:00.000,During_hack,1.026554599,8.933648813,8.883335612,1.226048274
2022-07-27 00:00:00.000,Before_hack,8.849515223,8.948682791,8.874365937,8.922441576
2022-07-26 00:00:00.000,Before_hack,8.871062388,8.940634157,8.899831842,8.89445454
2022-07-25 00:00:00.000,Before_hack,8.79494887,8.924980236,8.888582598,8.924980236
2022-07-24 00:00:00.000,Before_hack,8.7437965,8.964454007,8.881979379,8.81303666
2022-07-23 00:00:00.000,Before_hack,8.849652175,8.932224441,8.877019971,8.875547719
2022-07-22 00:00:00.000,Before_hack,8.833762476,8.903643505,8.884162478,8.88558329
2022-07-21 00:00:00.000,Before_hack,8.835424694,8.923954138,8.863819182,8.878205599
2022-07-20 00:00:00.000,Before_hack,8.852834976,8.923769582,8.862758248,8.857919026
2022-07-19 00:00:00.000,Before_hack,8.84937243,8.935694073,8.896271252,8.902634733
2022-07-18 00:00:00.000,Before_hack,8.710755763,8.906955105,8.760903454,8.89029909
2022-07-17 00:00:00.000,Before_hack,8.744074089,8.910374417,8.852678613,8.776629603
2022-07-16 00:00:00.000,Before_hack,8.844398349,8.926861933,8.902678058,8.871646751
2022-07-15 00:00:00.000,Before_hack,8.757816707,8.888391093,8.810852165,8.888391093
2022-07-14 00:00:00.000,Before_hack,8.432296425,8.866879632,8.466190874,8.80370327
2022-07-13 00:00:00.000,Before_hack,8.442175776,8.519558488,8.519558488,8.442175776
2022-07-12 00:00:00.000,Before_hack,8.483696498,8.561463692,8.483696498,8.561463692
2022-07-11 00:00:00.000,Before_hack,8.488693035,8.571022779,8.497975893,8.530836865
2022-07-10 00:00:00.000,Before_hack,8.47248141,8.52141327,8.475189135,8.51672843
2022-07-09 00:00:00.000,Before_hack,8.482674468,8.537400384,8.493387408,8.493108419
2022-07-08 00:00:00.000,Before_hack,8.393074619,8.52436354,8.393074619,8.52436354
2022-07-07 00:00:00.000,Before_hack,8.376233154,8.416067017,8.398038043,8.394722335
2022-07-06 00:00:00.000,Before_hack,8.384165058,8.424505481,8.394622084,8.400618072
2022-07-05 00:00:00.000,Before_hack,8.19889599,8.426547064,8.19889599,8.401748283
2022-07-04 00:00:00.000,Before_hack,8.246242337,8.443918448,8.443918448,8.247833284
2022-07-03 00:00:00.000,Before_hack,8.353964544,8.521066117,8.411449601,8.430394618
2022-07-02 00:00:00.000,Before_hack,8.383637652,8.478730295,8.391887534,8.445121794
2022-07-01 00:00:00.000,Before_hack,8.323280338,8.518139797,8.331601102,8.436964443
2022-06-30 00:00:00.000,Before_hack,8.338005348,8.621157047,8.549954137,8.338005348
2022-06-29 00:00:00.000,Before_hack,8.446783794,8.612514498,8.506759234,8.504891514
2022-06-28 00:00:00.000,Before_hack,8.479090338,8.857141492,8.551134047,8.573317926
2022-06-27 00:00:00.000,Before_hack,8.391207451,8.655123249,8.598917487,8.593577172
2022-06-26 00:00:00.000,Before_hack,8.404028765,8.65443722,8.626662782,8.574659292
2022-06-25 00:00:00.000,Before_hack,8.43399074,8.582271336,8.46681062,8.530036047
2022-06-24 00:00:00.000,Before_hack,8.329972564,8.496733291,8.495849594,8.423613706
2022-06-23 00:00:00.000,Before_hack,8.313476352,8.760105947,8.425353544,8.471812377
2022-06-22 00:00:00.000,Before_hack,8.458086428,8.676628084,8.602411184,8.546520205
2022-06-21 00:00:00.000,Before_hack,8.535607974,8.625167957,8.579838734,8.559958134
2022-06-20 00:00:00.000,Before_hack,8.503847769,8.650673056,8.613243518,8.590967288
2022-06-19 00:00:00.000,Before_hack,8.22104439,8.960052254,8.960052254,8.583896867
2022-06-18 00:00:00.000,Before_hack,8.811673245,8.987575637,8.930855295,8.846875435
2022-06-17 00:00:00.000,Before_hack,8.893470054,9.136853691,8.973371547,8.931745173
2022-06-16 00:00:00.000,Before_hack,8.696928381,9.03969853,8.742046625,8.956611395
2022-06-15 00:00:00.000,Before_hack,8.51550361,8.745548774,8.633017026,8.676020173
2022-06-14 00:00:00.000,Before_hack,8.353515166,8.763795033,8.353515166,8.610898735
2022-06-13 00:00:00.000,Before_hack,8.132091661,9.930018355,9.898054044,8.132091661
2022-06-12 00:00:00.000,Before_hack,9.580967098,10.277647931,10.277647931,9.883531725
2022-06-11 00:00:00.000,Before_hack,10.150886861,11.906869836,10.150886861,10.2691405
2022-06-10 00:00:00.000,Before_hack,9.800134881,10.691780917,10.554822493,9.829061631
2022-06-09 00:00:00.000,Before_hack,10.535328841,11.015811786,11.015811786,10.561141713
2022-06-08 00:00:00.000,Before_hack,10.661624201,11.118010851,10.921257635,11.058049102
2022-06-07 00:00:00.000,Before_hack,10.747032534,10.995207531,10.968396261,10.90855686
2022-06-06 00:00:00.000,Before_hack,10.520891886,10.984909721,10.718319348,10.979483474
2022-06-05 00:00:00.000,Before_hack,10.333861622,11.156809898,11.026755,10.716756594
2022-06-04 00:00:00.000,Before_hack,11.0065333,11.359853596,11.34815425,11.0065333
2022-06-03 00:00:00.000,Before_hack,11.209411701,11.419237472,11.230685919,11.209411701
2022-06-02 00:00:00.000,Before_hack,11.2278678,11.463289053,11.337555308,11.261368169
2022-06-01 00:00:00.000,Before_hack,10.947721803,11.59675887,11.553951254,11.167388208
2022-05-31 00:00:00.000,Before_hack,10.59711046,11.686032165,11.684836196,11.44993994
2022-05-30 00:00:00.000,Before_hack,11.441952201,12.073720538,11.912237768,11.446519957
2022-05-29 00:00:00.000,Before_hack,11.749290257,12.063618981,11.943583889,11.909968129
2022-05-28 00:00:00.000,Before_hack,11.560163679,12.014068091,12.014068091,11.953830732
2022-05-27 00:00:00.000,Before_hack,11.781491577,12.115029099,12.028969899,12.032737464
2022-05-26 00:00:00.000,Before_hack,11.87918571,12.335295591,12.288909977,11.9991224
2022-05-25 00:00:00.000,Before_hack,12.073736796,12.41484207,12.27910644,12.318355985
2022-05-24 00:00:00.000,Before_hack,11.757624018,12.379890576,11.78708008,12.309287921
2022-05-23 00:00:00.000,Before_hack,11.716065418,12.233607979,11.740421755,11.885961997
2022-05-22 00:00:00.000,Before_hack,11.119238864,11.984558233,11.119238864,11.762723407
2022-05-21 00:00:00.000,Before_hack,11.095694184,11.352289064,11.278954669,11.095694184
2022-05-20 00:00:00.000,Before_hack,10.995518322,11.395871959,10.995518322,11.106576323
2022-05-19 00:00:00.000,Before_hack,10.805017383,11.316660644,11.184176792,10.964827649
2022-05-18 00:00:00.000,Before_hack,11.116309951,11.550187676,11.220741907,11.52877456
2022-05-17 00:00:00.000,Before_hack,11.116970888,11.449693911,11.117594334,11.389779186
2022-05-16 00:00:00.000,Before_hack,10.681987038,11.434666586,11.434666586,10.681987038
2022-05-15 00:00:00.000,Before_hack,10.563570595,11.617951231,10.773114906,11.470554912
2022-05-14 00:00:00.000,Before_hack,10.558658417,11.636323667,11.569390622,10.57037825
2022-05-13 00:00:00.000,Before_hack,11.531654261,12.4902714,12.280390626,11.564413688
2022-05-12 00:00:00.000,Before_hack,11.365674574,14.16973131,13.983411124,12.284448349
2022-05-11 00:00:00.000,Before_hack,13.532758795,15.060647412,15.060647412,13.937148889
2022-05-10 00:00:00.000,Before_hack,13.704923966,15.342894431,14.393669273,14.961149347
2022-05-09 00:00:00.000,Before_hack,14.253663732,15.376308196,15.376308196,14.59739913
2022-05-08 00:00:00.000,Before_hack,14.334221203,15.289871334,14.724646985,15.289871334
2022-05-07 00:00:00.000,Before_hack,13.796219252,15.247302105,13.796219252,14.471856946
2022-05-06 00:00:00.000,Before_hack,13.570000978,14.127195045,14.004699517,13.768742936
2022-05-05 00:00:00.000,Before_hack,13.522219799,14.285174547,13.80035651,13.671637262
2022-05-04 00:00:00.000,Before_hack,12.914539248,14.252331626,13.36694761,14.088568235
2022-05-03 00:00:00.000,Before_hack,12.666221364,13.81585699,13.650449959,13.017366061
2022-05-02 00:00:00.000,Before_hack,13.691330131,15.122941862,15.122941862,13.79483262
2022-05-01 00:00:00.000,Before_hack,14.142712386,15.331548601,14.750284231,15.273302519
2022-04-30 00:00:00.000,Before_hack,14.901278016,15.53720638,15.296656128,14.901278016
2022-04-29 00:00:00.000,Before_hack,15.173654374,15.564831334,15.208289426,15.267890621
2022-04-28 00:00:00.000,Before_hack,14.947124012,15.856846303,15.578371212,15.216614438
2022-04-27 00:00:00.000,Before_hack,14.862620684,16.478762322,16.376986248,15.789317092
2022-04-26 00:00:00.000,Before_hack,15.509932656,16.283619769,15.905319026,16.233743603
2022-04-25 00:00:00.000,Before_hack,14.326427897,15.778726048,14.383170818,15.682989344
2022-04-24 00:00:00.000,Before_hack,14.298835883,15.915671847,14.496359108,14.901584195
2022-04-23 00:00:00.000,Before_hack,12.043766021,14.655977083,12.043766021,14.655977083
2022-04-22 00:00:00.000,Before_hack,11.378611795,12.520149503,12.062548327,12.060680904
2022-04-21 00:00:00.000,Before_hack,12.557931694,15.812944559,15.801010629,12.580916613
2022-04-20 00:00:00.000,Before_hack,15.541341962,16.614851326,16.223089999,15.541341962
2022-04-19 00:00:00.000,Before_hack,16.303317812,18.679618282,18.679618282,16.310686979
2022-04-18 00:00:00.000,Before_hack,14.906125461,18.51315777,14.906125461,18.277732514
2022-04-17 00:00:00.000,Before_hack,15.495184574,21.301180189,20.233068761,15.860295443
2022-04-16 00:00:00.000,Before_hack,20.84246775,22.50517688,21.921808396,20.89734146
2022-04-15 00:00:00.000,Before_hack,17.863749457,22.075886289,18.793398343,22.075886289
2022-04-14 00:00:00.000,Before_hack,14.058465048,19.140379672,15.191039614,18.948461467
2022-04-13 00:00:00.000,Before_hack,11.464628919,15.076609994,11.47,15.076609994
﻿